{
    "title": {
        "title": "ЛАЗУРЬ ДЕКОР-ЗАХИСТ ЛЮКС"
    },
    "poster": {
        "img": "images/product/tara/original/decor-lazur.png"
    },
    "article": {
        "head": "ЛАЗУРЬ ДЕКОР-ЗАХИСТ ЛЮКС",
        "annotation": "Лазурь Декор-Захист - це засіб для високоякістної обробки деревини на основі алкідно-уретанових смол з УФ-фільтром",
        "pictographs": [
            {
                "img": "images/opis/Image_269.png",
                "alt": "Атмосферостійкий"
            }
            , {
                "img": "images/opis/Image_270.png",
                "alt": "Високоміцний"
            }
            , {
                "img": "images/opis/uf.png",
                "alt": "УФ-фільтр"
            }
            , {
                "img": "images/opis/komah.png",
                "alt": "Захищає від комах,<br/>плісневи, синяви,<br/>та гнилі"
            }
        ]
        ,
        "property": [
            {
                "key": "Версія для друку",
                "val": "<a href='doc/catalog/decor-lazur.pdf' title='Завантажити версію для друку' target='_blank'><img src='images/document_download4print.png' alt=''/></>"
            }
            ,{
                "key": "ЗАСТОСУВАННЯ",
                "val": "Для зовнішніх та внутрішніх робіт"
            }
            , {
                "key": "ТИП ПОВЕРХНІ",
                "val": "Дерево"
            }
            , {
                "key": "ЗВ’ЯЗУЮЧЕ",
                "val": "Модіфікована алкідна смола"
            }
            , {
                "key": "ВЛАСТИВОСТІ",
                "val": "<ul><li>Підкреслює природну текстуру деревини</li><li>Стійкий до дії води, індустріальних масел і миючих коштів</li><li>Економічний</li><li>Довгостроковий захист деревини</li></ul>"
            }
            , {
                "key": "ПРИЗНАЧЕННЯ",
                "val": "Застосовується для декоративно-захисного покриття дерев’яних поверхонь, всередині і зовні приміщень."
            }
            , {
                "key": "РОЗЧИННИК",
                "val": "Уайт-спірит"
            }
            , {
                "key": "ЧАС ВИСИХАННЯ ОДНОГО ШАРУ",
                "val": "Час висихання кожного шару 1,5-3 години при температурі 20 °С"
            }
            , {
                "key": "ВИТРАТА",
                "val": "Витрата на одношарове покриття 100 - 150 г/м<sup>2</sup> в залежності від кольору і типу поверхні"
            }
            , {
                "key": "НАНЕСЕННЯ",
                "val": "Пензлик, валик, пульверизатор"
            }
            , {
                "key": "СКЛАД",
                "val": "Розчин в органічних розчинниках пентафталевой смоли, модифікованої рослинним маслом з добавкою сикативу"
            }
            , {
                "key": "ГАРАНТІЙНИЙ ТЕРМІН ЗБЕРІГАННЯ",
                "val": "24 месяці з дати виготовлення"
            }
            , {
                "key": "ФАСУВАННЯ",
                "val": "0,7кг<br/>2кг"
            }
            , {
                "key": "УПАКОВКА",
                "val": "0,75 кг по 12 од., 2 кг по 6 од."
            }
            , {
                "key": "КОЛІР",
                "val": "Безбарвний, Сосна, Дуб, Горіх, Полісандр, Каштан, Махагон"
            }
        ]
    },
    "colors": []
}
