{
    "title": {
        "title": "ЛАЗУРЬ ДЕКОР-ЗАЩИТА ЛЮКС"
    },
    "poster": {
        "img": "images/product/tara/original/decor-lazur.png"
    },
    "article": {
        "head": "ЛАЗУРЬ ДЕКОР-ЗАЩИТА ЛЮКС",
        "annotation": "Лазурь Декор-Защита - это средство для высококачественной обработки древесины на основе алкидно-уретановой смолы с УФ-фильтром",
        "pictographs": [
            {
                "img": "images/opis/Image_269.png",
                "alt": "Атмосферостойкий"
            }
            , {
                "img": "images/opis/Image_270.png",
                "alt": "Высокопрочный"
            }
            , {
                "img": "images/opis/uf.png",
                "alt": "УФ-фильтр"
            }
            , {
                "img": "images/opis/komah.png",
                "alt": "Защищает от насекомых, <br/> плесневых, синевы, <br/> и гнили"
            }
        ]
        ,
        "property": [
            {
                "key": "Версия для печати",
                "val": "<a href='doc/catalog/decor-lazur.pdf' title='Скачать версию для печати' target='_blank'><img src='images/document_download4print.png' alt=''/></>"
            }
            ,{
                "key": "ПРИМЕНЕНИЕ",
                "val": "Для внешних и внутренних работ"
            }
            , {
                "key": "ТИП ПОВЕРХНОСТИ",
                "val": "Дерево"
            }
            , {
                "key": "СВЯЗУЮЩЕЕ",
                "val": "Модификованая алкидная смола"
            }
            , {
                "key": "СВОЙСТВА",
                "val": "<ul><li>подчеркивает естественную текстуру древесины</li><li>Устойчив к воздействию воды, индустриальных масел и моющих средств</li><li>Экономический</li><li>Долгосрочный защиту древесины</li></ul>"
            }
            , {
                "key": "ПРИМЕНЕНИЕ",
                "val": "Применяется для декоративно-защитного покрытия деревянных поверхностей, внутри и снаружи помещений."
            }
            , {
                "key": "РАСТВОРИТЕЛЬ",
                "val": "Уайт-спирит"
            }
            , {
                "key": "ВРЕМЯ ВЫСЫХАНИЯ",
                "val": "Время высыхания каждого слоя 1,5-3 часа при температуре 20 ° С"
            }
            , {
                "key": "РАСХОД",
                "val": "Расход на один слой покрытия 100 - 150 г / м <sup>2</sup> в зависимости от цвета и типа поверхности"
            }
            , {
                "key": "НАНЕСЕНИЕ",
                "val": "Кисточка, валик, пульверизатор"
            }
            , {
                "key": "СОСТАВ",
                "val": "Раствор в органических растворителях пентафталевой смолы, модифицированной растительным маслом с добавкой сиккатива"
            }
            , {
                "key": "ГАРАНТИЙНЫЙ СРОК ХРАНЕНИЯ",
                "val": "24 месяца с даты изготовления"
            }
            , {
                "key": "ФАСОВКА",
                "val": "0,7кг<br/>2кг"
            }
            , {
                "key": "УПАКОВКА",
                "val": "0,75 кг по 12 од., 2 кг по 6 од."
            }
            , {
                "key": "ЦВЕТ",
                "val": "Бесцветный, Сосна, Дуб, Орех, Палисандра, Каштан, Махагон"
            }
        ]
    },
    "colors": []
}
