{
    "title": {
        "title": "Эмаль антикоррозийная 3 в 1 Премиум"
    },
    "poster": {
        "img": "images/product/tara/original/emal-Antikor-Premium-10k.png"
    },
    "article": {
        "head": "Эмаль антикоррозийная 3 в 1 Премиум"
        ,
        "annotation": "Антикорозийная эмаль имеет показатели, которые объединили свойства преобразователя ржавчины, антикоррозионной грунтовки и свойства декоративного средства"
        ,
        "pictographs": [
            {
                "img": "images/opis/Image_012.png",
                "alt": "Не содержит<br/>свинец"
            }
            , {
                "img": "images/opis/Image_013.png",
                "alt": "Ударопрочное<br/>покрытие"
            }
            , {
                "img": "images/opis/Image_014.png",
                "alt": "Износостойкая"
            }
            , {
                "img": "images/opis/Image_015.png",
                "alt": "Прямо<br/>на ржавчину"
            }
        ]
        ,
        "property": [
            {
                "key": "Версия для печати",
                "val": "<a href='doc/catalog/emal-3in1_ua.pdf' title='Загрузить версию для печати' target='_blank'><img src='images/document_download4print.png' alt=''/></>"
            }
            , {
                "key": "Санитарно-гигиеническое заключение",
                "val": "<a href='doc/ISO/НД/ЕМАЛЬ 3 в 1/ЕМАЛЬ 3 в 1.pdf' title='Загрузить санитарно-гигиеническое заключение' target='_blank'><img src='images/documents_download.png' alt=''/></>"
            }
            , {
                "key": "ПРИМЕНЕНИЕ",
                "val": "Для наружных и внутренних работ"
            }
            , {
                "key": "ТИП ПОВЕРХНОСТИ",
                "val": "Для метала, дерева, бетона"
            }
            , {
                "key": "СВЯЗУЮЩЕЕ",
                "val": "Алкидный лак"
            }
            , {
                "key": "СВОЙСТВА",
                "val": "<ul><li>Суперударопрочная</li><li>Атмосферостойкая</li><li>Высокая прочность</li><li>Долговечность покрытия</li><li>Надежная защита от ржавчины</li></ul>"
            }
            , {
                "key": "РАСТВОРИТЕЛЬ",
                "val": "Уайт-спирит, нефрас, скипидар или смесь растворителей 1: 1"
            }
            , {
                "key": "ВРЕМЯ ВЫСЫХАНИЯ",
                "val": "4:00 при температуре (20 ± 2) ° С"
            }
            , {
                "key": "РАСХОД",
                "val": "Расход эмали на однослойное покрытие в зависимости от цвета и типа поверхности 100-180 г / м <sup> 2 </ sup>"
            }
            , {
                "key": "НАНЕСЕНИЕ",
                "val": "Кисточка, валик, пульверизатор"
            }
            , {
                "key": "СОСТАВ",
                "val": "Алкидный лак, пигменты, сиккативы, растворитель"
            }
            , {
                "key": "ГАРАНТИЙНЫЙ СРОК ХРАНЕНИЯ",
                "val": "24 месяца с даты изготовления при температуре от -40 ° С до + 40 ° С"
            }
            , {
                "key": "ФАСОВКА",
                "val": "0,8 кг <br/> 2,5 кг <br/> 40 кг (спецзаказ)"
            }
            , {
                "key": "УПАКОВКА",
                "val": "0,8 кг по 8 ед. <br/> 2,5 кг - по 2 ед."
            }]
    },
    "colors": [
        "#ecece7"
                , "#006f3d"
                , "#005387"
                , "#8c969d"
                , "#a1a1a0"
                , "#0e0e10"
                , "#442f29"
    ]
}
