{
    "title": {
        "title": "Емаль антикорозійна 3 в 1 Преміум"
    },
    "poster": {
        "img": "images/product/tara/original/emal-Antikor-Premium-10k.png"
    },
    "article": {
        "head": "Емаль антикорозійна 3 в 1 Преміум"
        ,
        "annotation": "Антикорозійная емаль має показники, котрі об’єднали властивості перетворювача іржі,антикорозійної грунтівки та властивості декоративного засобу"
        ,
        "pictographs": [
            {
                "img": "images/opis/Image_012.png",
                "alt": "Не містить<br/>свинець"
            }
            , {
                "img": "images/opis/Image_013.png",
                "alt": "Удароміцне<br/>покриття"
            }
            , {
                "img": "images/opis/Image_014.png",
                "alt": "Зносостійка"
            }
            , {
                "img": "images/opis/Image_015.png",
                "alt": "Прямо<br/>на іржу"
            }
        ]
        ,
        "property": [
            {
                "key": "Версія для друку",
                "val": "<a href='doc/catalog/emal-3in1_ua.pdf' title='Завантажити версію для друку' target='_blank'><img src='images/document_download4print.png' alt=''/></>"
            }
            , {
                "key": "Санітарно-гігієнічний висновок",
                "val": "<a href='doc/ISO/НД/ЕМАЛЬ 3 в 1/ЕМАЛЬ 3 в 1.pdf' title='Завантажити санітарно-гігієнічний висновок' target='_blank'><img src='images/documents_download.png' alt=''/></>"
            }
            , {
                "key": "ЗАСТОСУВАННЯ",
                "val": "Для зовнішніх та внутрішніх робіт"
            }
            , {
                "key": "ТИП ПОВЕРХНІ",
                "val": "Для метала, дерева, бетона"
            }
            , {
                "key": "ЗВ’ЯЗУЮЧЕ",
                "val": "Алкідний лак"
            }
            , {
                "key": "ВЛАСТИВОСТІ",
                "val": "<ul><li>Суперудароміцна</li><li>Атмосферостійка</li><li>Висока міцність</li><li>Довговічність покриття</li><li>Надійний захист від іржі</li></ul>"
            }
            , {
                "key": "РОЗЧИННИК",
                "val": "Уайт-спірит, нефрас, скипидар або суміш розчинників 1: 1"
            }
            , {
                "key": "ЧАС ВИСИХАННЯ ОДНОГО ШАРУ",
                "val": "4 години при температурі (20±2) °С"
            }
            , {
                "key": "ВИТРАТА",
                "val": "Витрата емалі на одношарове покриття в залежності від кольору та типу поверхні 100-180 г/м<sup>2</sup>"
            }
            , {
                "key": "НАНЕСЕННЯ",
                "val": "Пензлик, валик, пульверизатор"
            }
            , {
                "key": "СКЛАД",
                "val": "Алкідний лак, пігменти, сикативи, розчинник"
            }
            , {
                "key": "ГАРАНТІЙНИЙ ТЕРМІН ЗБЕРІГАННЯ",
                "val": "24 місяці з дати виготовлення, при температурі від -40 °С до +40 °С"
            }
            , {
                "key": "ФАСУВАННЯ",
                "val": "0,8 кг<br/>2,5 кг<br/>40 кг (спецзамовлення)"
            }
            , {
                "key": "УПАКОВКА",
                "val": "0,8 кг по 8 од.<br/>2,5 кг - по 2 од."
            }
        ]
    },
    "colors": [
        "#ecece7"
                , "#006f3d"
                , "#005387"
                , "#8c969d"
                , "#a1a1a0"
                , "#0e0e10"
                , "#442f29"
    ]
}
