{
    "title": {
        "title": "Эмаль ПФ-115С"
    },
    "poster": {
        "img": "images/product/tara/original/emal-Petrikivka-10.png"
    },
    "article": {
        "head": "ЭМАЛЬ ПЕНТАФТАЛЕВАЯ ПФ-115"
        ,
        "annotation": "Эмаль ПФ-115 обеспечивает превосходное качество лакокрасочных покрытий, при этом сохраняется важнейший критерий постоянного спроса - доступная цена!"
        ,
        "pictographs": [
            {
                "img": "images/opis/Image_054.png",
                "alt": "Быстросохнущая"
            }
            , {
                "img": "images/opis/Image_035.png",
                "alt": "Легко наносится, <br/> удобная в работе"
            }
        ]
        ,
        "property": [
            {
                "key": "Версия для печати",
                "val": "<a href='doc/catalog/emal-PF-115-Econom_ua.pdf' title='Загрузить версию для печати' target='_blank'><img src='images/document_download4print.png' alt=''/></>"
            }
            , {
                "key": "Санитарно-гигиеническое заключение",
                "val": "<a href='doc/ISO/НД/ПФ-115/Висновок СЕС ПФ-115_Економ_нов.pdf' title='Загрузить санитарно-гигиеническое заключение' target='_blank'><img src='images/documents_download.png' alt=''>"
            }
            , {
                "key": "ПРИМЕНЕНИЕ",
                "val": "Для наружных и внутренних работ"
            }
            , {
                "key": "ТИП ПОВЕРХНОСТИ",
                "val": "Металл, дерево, бетон"
            }
            , {
                "key": "СВЯЗУЮЩЕЕ",
                "val": "алкидная смола"
            }
            , {
                "key": "СВОЙСТВА",
                "val": "<ul><li>Яркая и насыщенная цветовая гамма</li><li>Отличный блеск покрытия</li><li>Повышенная укрывистость</li><li>Высокая прочность</li><li>Долговечность покрытия </li></ul>"
            }
            , {
                "key": "НАЗНАЧЕНИЕ",
                "val": "Эмаль применяется для окраски неподходящих металлических, деревянных, бетонных и других поверхностей, подвергающихся атмосферным воздействиям, а также эксплуатируемых внутри помещений. Не рекомендуется для оцинкованных поверхностей, цветных и нержавеющих металлов. Образует высокоглянцевых декоративное светостойкое покрытия. Используется как самостоятельное покрытие или в сочетании с различными видами грунтовки (например грунтовка ГФ-021 «Спектр»). "
            }
            , {
                "key": "ПОДГОТОВКА ПОВЕРХНОСТИ",
                "val": "Перед применением грунтовку тщательно перемешать, при необходимости добавить уайт-спирит. Окрашенные поверхности должны быть чистыми и сухими. Ранее окрашенные поверхности очистить от грязи и лишнего наслоения, зашлифовать."
            }
            , {
                "key": "РАСТВОРИТЕЛЬ",
                "val": "растворитель уайт-спирит"
            }
            , {
                "key": "ВРЕМЯ ВЫСЫХАНИЯ",
                "val": "Время высыхания каждого слоя эмали при температуре (20 ± 2) ° С не более 24 часов."
            }
            , {
                "key": "РАСХОД",
                "val": "Расход эмали на однослойное покрытие в зависимости от цвета и типа поверхности от 100 до 180 г / м <sup> 2 </ sup>"
            }
            , {
                "key": "НАНЕСЕНИЕ",
                "val": "Распыление, погружение, кисточка, струйный облил. Перед применением эмаль разбавляется до рабочей вязкости сольвентом, уайт-спиритом скипидаром или их смесью в соотношении 1: 1"
            }
            , {
                "key": "СОСТАВ",
                "val": "Алкидный лак, пигменты, сиккативы, растворитель"
            }
            , {
                "key": "ГАРАНТИЙНЫЙ СРОК ХРАНЕНИЯ",
                "val": "24 месяца с даты изготовления"
            }
            , {
                "key": "ФАСОВКА",
                "val": "0,9 кг <br/> 2,8 кг <br/> 50,0 кг"
            }
            , {
                "key": "УПАКОВКА",
                "val": "0,9 кг по 12 ед. <br/> 2,8 кг по 6 ед."
            }]
    },
    "colors": [
        "#ecece7"
                , "#006f3d"
                , "#008b29"
                , "#005b8c"
                , "#007cb0"
                , "#193153"
                , "#7a7b7a"
                , "#9b9b9b"
                , "#66332b"
                , "#fb3510"
                , "#fff600"
                , "#0e0e10"
                , "#442f29"
    ]
}
