{
    "title": {
        "title": "Емаль ПФ-115С"
    },
    "poster": {
        "img": "images/product/tara/original/emal-Petrikivka-10.png"
    },
    "article": {
        "head": "ЕМАЛЬ ПЕНТАФТАЛЕВА ПФ-115"
        ,
        "annotation": "Емаль ПФ -115 забезпечує чудову якість лакофарбових покриттів, при цьому зберігається найважливіший критерій постійного попиту — доступна ціна!"
        ,
        "pictographs": [
            {
                "img": "images/opis/Image_054.png",
                "alt": "Швидковисихаюча"
            }
            , {
                "img": "images/opis/Image_035.png",
                "alt": "Легко наноситься,<br/>зручна в роботі"
            }
        ]
        ,
        "property": [
            {
                "key": "Версія для друку",
                "val": "<a href='doc/catalog/emal-PF-115-Econom_ua.pdf' title='Завантажити версію для друку' target='_blank'><img src='images/document_download4print.png' alt=''/></>"
            }
            , {
                "key": "Санітарно-гігієнічний висновок",
                "val": "<a href='doc/ISO/НД/ПФ-115/Висновок СЕС ПФ-115_Економ_нов.pdf' title='Завантажити санітарно-гігієнічний висновок' target='_blank'><img src='images/documents_download.png' alt=''/></>"
            }
            , {
                "key": "ЗАСТОСУВАННЯ",
                "val": "Для зовнішніх та внутрішніх робіт"
            }
            , {
                "key": "ТИП ПОВЕРХНІ",
                "val": "Метал, дерево, бетон"
            }
            , {
                "key": "ЗВ’ЯЗУЮЧЕ",
                "val": "Алкідна смола"
            }
            , {
                "key": "ВЛАСТИВОСТІ",
                "val": "<ul><li>Яскрава та насичена гамма кольорів</li><li>Відмінний блиск покриття</li><li>Підвищена покриваність</li><li>Висока міцність</li><li>Довговічність покриття</li></ul>"
            }
            , {
                "key": "ПРИЗНАЧЕННЯ",
                "val": "Емаль застосовується для фарбування невідповідних металевих, дерев’яних, бетонних та інших поверхонь, що піддаються атмосферному впливу, а також експлуатованих всередині приміщень. Не рекомендована для оцинкованих поверхонь, кольорових і нержавіючих металів. Утворює високоглянцеве декоративне світлостійке покриття. Використовується як самостійне покриття або в поєднанні з різними видами грунтовки (наприклад грунтовка ГФ-021 «Спектр»)."
            }
            , {
                "key": "ПІДГОТОВКА ПОВЕРХНІ",
                "val": "Перед застосуванням грунтовку ретельно перемішати, при необхідності додати уайт-спірит. Пофарбовані поверхні повинні бути чисті та сухі. Раніше пофарбовані поверхні очистити від бруду та зайвого нашарування, зашліфувати."
            }
            , {
                "key": "РОЗЧИННИК",
                "val": "Розчинник, уайт-спірит"
            }
            , {
                "key": "ЧАС ВИСИХАННЯ",
                "val": "Час висихання кожного шару емалі при температурі (20 ± 2) ° С не більше 24 години."
            }
            , {
                "key": "ВИТРАТА",
                "val": "Витрата емалі на одношарове покриття в залежності від кольору і типу поверхні від 100 до 180 г/м<sup>2</sup>"
            }
            , {
                "key": "НАНЕСЕННЯ",
                "val": "Розпилення, занурення, пензлик, струменевий облив. Перед застосуванням емаль розбавляється до робочої в’язкості сольвентом, уайт-спіритом скипидаром або їх сумішшю в співвідношенні 1: 1"
            }
            , {
                "key": "СКЛАД",
                "val": "Алкідний лак, пігменти, сикативи, розчинник"
            }
            , {
                "key": "ГАРАНТІЙНИЙ ТЕРМІН ЗБЕРІГАННЯ",
                "val": "24 місяці з дати виготовлення"
            }
            , {
                "key": "ФАСУВАННЯ",
                "val": "0,9 кг<br/>2,8 кг<br/>50,0 кг"
            }
            , {
                "key": "УПАКОВКА",
                "val": "0,9 кг по 12 од.<br/>2,8 кг по 6 од."
            }
        ]
    },
    "colors": [
        "#ecece7"
                , "#006f3d"
                , "#008b29"
                , "#005b8c"
                , "#007cb0"
                , "#193153"
                , "#7a7b7a"
                , "#9b9b9b"
                , "#66332b"
                , "#fb3510"
                , "#fff600"
                , "#0e0e10"
                , "#442f29"
    ]
}
