{
    "title": {
        "title": "Емаль ПФ-115С Стандарт"
    },
    "poster": {
        "img": "images/product/tara/original/emal-Standart-Petrikivka-10.png"
    },
    "article": {
        "head": "ЕМАЛЬ ПЕНТАФТАЛЕВА ПФ-115С СТАНДАРТ"
        ,
        "annotation": "Завдяки своїм ефективним захисним властивостям емаль ПФ-115 має високу стійкість до різних атмосферних явищ (дощу, снігу) та значних перепадів температури, відмінно переносить чистку побутовими миючими засобами."
        ,
        "pictographs": [
            {
                "img": "images/opis/Image_091.png",
                "alt": "Швидковисихаюча"
            }
            , {
                "img": "images/opis/Image_033.png",
                "alt": "Світлостійка"
            }
            , {
                "img": "images/opis/Image_035.png",
                "alt": "Легко наноситься,<br/>зручна в роботі"
            }
        ]
        ,
        "property": [
            {
                "key": "Версія для друку",
                "val": "<a href='doc/catalog/emal-PF-115-Standart_ua.pdf' title='Завантажити версію для друку' target='_blank'><img src='images/document_download4print.png' alt=''/></>"
            }
            , {
                "key": "Санітарно-гігієнічний висновок",
                "val": "<a href='doc/ISO/НД/ПФ-115С/Висновок СЕС ПФ-115С.pdf' title='Завантажити санітарно-гігієнічний висновок' target='_blank'><img src='images/documents_download.png' alt=''/></>"
            }
            , {
                "key": "ЗАСТОСУВАННЯ",
                "val": "Для зовнішніх та внутрішніх робіт"
            }
            , {
                "key": "ТИП ПОВЕРХНІ",
                "val": "Метал, дерево, бетон"
            }
            , {
                "key": "ОСНОВА",
                "val": "На основе органического растворителя"
            }
            , {
                "key": "ЗВ’ЯЗУЮЧЕ",
                "val": "Алкідна смола"
            }
            , {
                "key": "ВЛАСТИВОСТІ",
                "val": "<ul><li>Яскрава і насичена кольорова гамма</li><li>Відмінний блиск покриття</li><li>Підвищена покриваність</li><li>Висока міцність</li><li>Довговічність покриття</li></ul>"
            }
            , {
                "key": "ПРИЗНАЧЕННЯ",
                "val": "Емаль застосовується для фарбування невідповідних металевих, дерев’яних, бетонних та інших поверхонь, що піддаються атмосферному впливу, а також експлуатованих всередині приміщень. Не рекомендована для оцинкованих поверхонь, кольорових і нержавіючих металів."
            }
            , {
                "key": "ПІДГОТОВКА ПОВЕРХНІ",
                "val": "Перед застосуванням емаль ретельно перемішати, при необхідності додати уайт-спірит. Пофарбовані поверхні повинні бути чисті та сухі. Раніше пофарбовані поверхні очистити від бруду та зайвого нашарування."
            }
            , {
                "key": "РОЗЧИННИК",
                "val": "Розчинник, сольвент"
            }
            , {
                "key": "ЧАС ВИСИХАННЯ ОДНОГО ШАРУ",
                "val": "Час висихання кожного шару емалі при температурі (20 ± 2) °С не більше 24 години"
            }
            , {
                "key": "ВИТРАТА",
                "val": "Витрата емалі на одношарове покриття в залежності від кольору і типу поверхні від 100 до 180 г/м<sup>2</sup>"
            }
            , {
                "key": "НАНЕСЕННЯ",
                "val": "Розпилення, занурення, пензлик, струменевий облив"
            }
            , {
                "key": "СКЛАД",
                "val": "Алкідний лак, пігменти, сикативи, розчинник"
            }
            , {
                "key": "ГАРАНТІЙНИЙ ТЕРМІН ЗБЕРІГАННЯ",
                "val": "24 місяці з дати виготовлення"
            }
            , {
                "key": "ФАСУВАННЯ",
                "val": "0,35 кг<br/>0,9 кг<br/>2,8 кг<br/>50,0 кг"
            }
            , {
                "key": "УПАКОВКА",
                "val": "0,35 кг по 12 од.<br/>0,9 кг по 12 од.<br/>2,8кг по 6 од."
            }
        ]
    },
    "colors": [
        "#ecece7"
                , "#006f3d"
                , "#008b29"
                , "#114232"
                , "#59d600"
                , "#005387"
                , "#005b8c"
                , "#007cb0"
                , "#193153"
                , "#7a7b7a"
                , "#9b9b9b"
                , "#4f5250"
                , "#66332b"
                , "#9d622b"
                , "#a1a1a0"
                , "#fb3510"
                , "#6b1c23"
                , "#00694c"
                , "#fff600"
                , "#ed6b21"
                , "#0e0e10"
                , "#442f29"
    ]
}
