{
    "title": {
        "title": "ЭМАЛЬ ПФ – 115C ЛЮКС"
    },
    "poster": {
        "img": "images/product/tara/original/emal-PF-115-Lux-10k.png"
    },
    "article": {
        "head": "ЭМАЛЬ ПФ – 115C ЛЮКС"
        ,
        "annotation": "Благодаря использованию импортных добавок и наполнителей, эмаль отличается высокими защитными и декоративными свойствами. Пленка эмали устойчива к изменению температур от -50°С до + 60°С"
        ,
        "pictographs": [
            {
                "img": "images/opis/Image_032.png",
                "alt": "Повышенная <br/> укрывистость"
            }
            , {
                "img": "images/opis/Image_033.png",
                "alt": "Светостойкая"
            }
            , {
                "img": "images/opis/Image_034.png",
                "alt": "Высокий <br/> блеск"
            }
            , {
                "img": "images/opis/Image_035.png",
                "alt": "Легко наносится, <br/> удобная в работе"
            }
        ]
        ,
        "property": [
            {
                "key": "Версия для печати",
                "val": "<a href='doc/catalog/emal-PF-115-Lux_ua.pdf' title='Загрузить версию для печати' target='_blank'><img src='images/document_download4print.png' alt=''/></>"
            }
            , {
                "key": "Санитарно-гигиеническое заключение",
                "val": "<a href='doc/ISO/НД/ПФ-115С/Висновок СЕС ПФ-115С.pdf' title='Загрузить санитарно-гигиеническое заключение' target='_blank'><img src='images/documents_download.png' alt=''/></>"
            }
            , {
                "key": "ПРИМЕНЕНИЕ",
                "val": "Для наружных и внутренних работ"
            }
            , {
                "key": "ТИП ПОВЕРХНОСТИ",
                "val": "Для металла, дерева, бетона"
            }
            , {
                "key": "СВЯЗУЮЩЕЕ",
                "val": "Алкидный лак"
            }
            , {
                "key": "СВОЙСТВА",
                "val": "<ul><li>Яркая и насыщенная цветовая гамма</li><li>Отличный блеск покрытия</li><li>Повышенная укрывистость</li><li>Высокая прочность</li><li>Высокая прочность</li><li>Долговечность покрытия </li></ul>"
            }
            , {
                "key": "НАЗНАЧЕНИЕ",
                "val": "Рекомендуется для окраски металлических, деревянных, бетонных и других поверхностей, подвергающихся атмосферным воздействиям, а также эксплуатируемых внутри помещений. Не рекомендуется для оцинкованных поверхностей, цветных и нержавеющих металлов . Образует высокоглянцевых декоративное светостойкое покрытия. Используется как самостоятельное покрытие или в сочетании с различными видами грунтовки (например грунтовка ГФ - 021 «Спектр»). "
            }
            , {
                "key": "РАСТВОРИТЕЛЬ",
                "val": "Уайт-спирит, нефрас, скипидар или смесь растворителей 1: 1"
            }
            , {
                "key": "ВРЕМЯ ВЫСЫХАНИЯ",
                "val": "24 часа при температуре (20 ± 2) ° С"
            }
            , {
                "key": "РАСХОД",
                "val": "Расход эмали на однослойное покрытие в зависимости от цвета и типа поверхности от 100 до 180 г/м <sup> 2 </sup>"
            }
            , {
                "key": "НАНЕСЕНИЕ",
                "val": "Кисточка, валик, пульверизатор"
            }
            , {
                "key": "СОСТАВ",
                "val": "Алкидный лак, пигменты, сиккативы, растворитель, наполнители"
            }
            , {
                "key": "ГАРАНТИЙНЫЙ СРОК ХРАНЕНИЯ",
                "val": "24 месяца с даты изготовления при температуре от -40 ° С до + 40 ° С"
            }
            , {
                "key": "ФАСОВКА",
                "val": "0,9кг <br/> 2,8кг <br/> 50 (спецзаказ)"
            }
            , {
                "key": "УПАКОВКА",
                "val": "0,9 кг по 8 ед. <br/> 2,8 кг - по 2 ед."
            }]
    },
    "colors": [
        "#ecece7"
                , "#006f3d"
                , "#008b29"
                , "#003333"
                , "#55e847"
                , "#37422f"
                , "#005b8c"
                , "#007cb0"
                , "#64b7d6"
                , "#058b8c"
                , "#9b9b9b"
                , "#66332b"
                , "#9d622b"
                , "#a1a1a0"
                , "#816183"
                , "#6b1c23"
                , "#00694c"
                , "#fff600"
                , "#ed6b21"
                , "#0e0e10"
    ]
}
