{
    "title": {
        "title": "Эмаль алкидная для пола ПФ-266С Стандарт"
    },
    "poster": {
        "img": "images/product/tara/original/emal-Standart-Pol-10.png"
    },
    "article": {
        "head": "ЕМАЛЬ АЛКИДНАЯ ДЛЯ ПОЛА ПФ-266С"
        ,
        "annotation": "Эмаль ПФ-115 обеспечивает превосходное качество лакокрасочных покрытий, при этом сохраняется важнейший критерий постоянного спроса - доступная цена!"
        ,
        "pictographs": [
            {
                "img": "images/opis/Image_013.png",
                "alt": "Ударопрочная"
            }
            , {
                "img": "images/opis/Image_014.png",
                "alt": "Износостойкая"
            }
            , {
                "img": "images/opis/Image_118.png",
                "alt": "Стойкая к мытью"
            }
        ]
        ,
        "property": [
            {
                "key": "Версия для печати",
                "val": "<a href='doc/catalog/emal-PF-266-Standart_ua.pdf' title='Загрузить версию для печати' target='_blank'><img src='images/document_download4print.png' alt=''/></>"
            }
            , {
                "key": "Санитарно-гигиеническое заключение",
                "val": "<a href='doc/ISO/НД/ПФ-266/Висновок СЕС ПФ-266С_нов.pdf' title='Загрузить санитарно-гигиеническое заключение' target='_blank'><img src='images/documents_download.png' alt=''/></>"
            }
            , {
                "key": "ПРИМЕНЕНИЕ",
                "val": "Для внутренних работ"
            }
            , {
                "key": "ТИП ПОВЕРХНОСТИ",
                "val": "Дерево"
            }
            , {
                "key": "СВЯЗУЮЩЕЕ",
                "val": "Алкидный лак"
            }
            , {
                "key": "СВОЙСТВА",
                "val": "<ul><li>Выдерживает высокое эксплуатационное нагрузки</li><li>Сохраняет стойкий блеск</li><li>Износостойкая и долговечна</li></ul>"
            }
            , {
                "key": "НАЗНАЧЕНИЕ",
                "val": "Рекомендуется для окрашивания крашеных и неокрашенных деревянных полов по предварительно подготовленной поверхности"
            }
            , {
                "key": "ПОДГОТОВКА ПОВЕРХНОСТИ",
                "val": "Перед применением эмаль тщательно перемешать, при необходимости разбавить уайт-спиритом. При окраске ранее окрашенных полов необходимо удалить грязь, пыль, отслоившейся старой пленку, зашкурить. Неокрашенные пола необходимо зачистить наждачной шкуркой, удалить пыль и нанести 2 слоя эмали "
            }
            , {
                "key": "РАСТВОРИТЕЛЬ",
                "val": "Уайт-спирит"
            }
            , {
                "key": "ВРЕМЯ ВЫСЫХАНИЯ",
                "val": "Время высыхания каждого слоя 24 часа при температуре (20 ± 2) ° С"
            }
            , {
                "key": "РАСХОД",
                "val": "Расход эмали на однослойное покрытие 110 г/м <sup>2</sup> в зависимости от цвета и типа поверхности"
            }
            , {
                "key": "НАНЕСЕНИЕ",
                "val": "Кисточка, валик, пульверизатор"
            }
            , {
                "key": "СОСТАВ",
                "val": "Суспензия пигментов в алкидно лаке с добавлением сиккатива и растворителя"
            }
            , {
                "key": "ГАРАНТИЙНЫЙ СРОК ХРАНЕНИЯ",
                "val": "24 месяца с даты изготовления"
            }
            , {
                "key": "ФАСОВКА",
                "val": "0,9 кг <br/> 2,8 кг <br/> 50,0 кг"
            }
            , {
                "key": "УПАКОВКА",
                "val": "0,9 кг по 12 ед. <br/> 2,8 кг по 6 ед."
            }]
    },
    "colors": [
        "#66332b"
                , "#9d622b"
    ]
}
