{
    "title": {
        "title": "Емаль алкідна для підлоги ПФ-266С Стандарт"
    },
    "poster": {
        "img": "images/product/tara/original/emal-Standart-Pol-10.png"
    },
    "article": {
        "head": "ЕМАЛЬ АЛКІДНА ДЛЯ ПІДЛОГИ ПФ-266С"
        ,
        "annotation": "Емаль ПФ -115 забезпечує чудову якість лакофарбових покриттів, при цьому зберігається найважливіший критерій постійного попиту — доступна ціна!"
        ,
        "pictographs": [
            {
                "img": "images/opis/Image_013.png",
                "alt": "Удароміцна"
            }
            , {
                "img": "images/opis/Image_014.png",
                "alt": "Зносостійка"
            }
            , {
                "img": "images/opis/Image_118.png",
                "alt": "Стійка до миття"
            }
        ]
        ,
        "property": [
            {
                "key": "Версія для друку",
                "val": "<a href='doc/catalog/emal-PF-266-Standart_ua.pdf' title='Завантажити версію для друку' target='_blank'><img src='images/document_download4print.png' alt=''/></>"
            }
            , {
                "key": "Санітарно-гігієнічний висновок",
                "val": "<a href='doc/ISO/НД/ПФ-266/Висновок СЕС ПФ-266С_нов.pdf' title='Завантажити санітарно-гігієнічний висновок' target='_blank'><img src='images/documents_download.png' alt=''/></>"
            }
            , {
                "key": "ЗАСТОСУВАННЯ",
                "val": "Для внутрішніх робіт"
            }
            , {
                "key": "ТИП ПОВЕРХНІ",
                "val": "Дерево"
            }
            , {
                "key": "ЗВ’ЯЗУЮЧЕ",
                "val": "Алкідний лак"
            }
            , {
                "key": "ВЛАСТИВОСТІ",
                "val": "<ul><li>Витримує високе експлуатаційне навантаження</li><li>Зберігає стійкий блиск</li><li>Зносостійка і довговічна</li></ul>"
            }
            , {
                "key": "ПРИЗНАЧЕННЯ",
                "val": "Рекомендована для фарбування фарбованих і нефарбованих дерев’яних підлог по попередньо підготовленій поверхні"
            }
            , {
                "key": "ПІДГОТОВКА ПОВЕРХНІ",
                "val": "Перед застосуванням емаль ретельно перемішати, при необхідності розбавити уайт-спіритом. При фарбуванні раніше пофарбованих підлог необхідно видалити бруд, пил, відшаровану стару плівку, зашкурити. Непофарбовані підлоги необхідно зачистити наждачною шкіркою, видалити пил і нанести 2 шари емалі"
            }
            , {
                "key": "РОЗЧИННИК",
                "val": "Уайт-спірит"
            }
            , {
                "key": "ЧАС ВИСИХАННЯ ОДНОГО ШАРУ",
                "val": "Час висихання кожного шару 24 години, при температурі (20 ± 2) °С"
            }
            , {
                "key": "ВИТРАТА",
                "val": "Витрата емалі на одношарове покриття 110 г/м<sup>2</sup> в залежності від кольору і типу поверхні"
            }
            , {
                "key": "НАНЕСЕННЯ",
                "val": "Пензлик, валик, пульверизатор"
            }
            , {
                "key": "СКЛАД",
                "val": "Суспензія пігментів в алкідному лаці з додаванням сикативу і розчинника"
            }
            , {
                "key": "ГАРАНТІЙНИЙ ТЕРМІН ЗБЕРІГАННЯ",
                "val": "24 місяці з дати виготовлення"
            }
            , {
                "key": "ФАСУВАННЯ",
                "val": "0,9 кг<br/>2,8 кг<br/>50,0 кг"
            }
            , {
                "key": "УПАКОВКА",
                "val": "0,9 кг по 12 од.<br/>2,8 кг по 6 од."
            }
        ]
    },
    "colors": [
        "#66332b"
                , "#9d622b"
    ]
}
