{
    "title": {
        "title": "ЕМАЛЬ ПФ – 115C ЛЮКС"
    },
    "poster": {
        "img": "images/product/tara/original/emal-PF-115-Lux-10k.png"
    },
    "article": {
        "head": "ЕМАЛЬ ПФ – 115C ЛЮКС",
        "annotation": "Завдяки використанню імпортних добавок і наповнювачів, емаль відрізняється високими захисними і декоративними властивостями. Плівка емалі стійка до зміни температур від -50°С до +60°С",
        "pictographs": [
            {
                "img": "images/opis/Image_032.png",
                "alt": "Підвищена<br/>покриваність"
            },
            {
                "img": "images/opis/Image_033.png",
                "alt": "Світлостійка"
            },
            {
                "img": "images/opis/Image_034.png",
                "alt": "Високий<br/>блиск"
            },
            {
                "img": "images/opis/Image_035.png",
                "alt": "Легко наноситься,<br/>зручна в роботі"
            }
        ],
        "property": [
            {
                "key": "Версія для друку",
                "val": "<a href='doc/catalog/emal-PF-115-Lux_ua.pdf' title='Завантажити версію для друку' target='_blank'><img src='images/document_download4print.png' alt=''/></>"
            }
            , {
                "key": "Санітарно-гігієнічний висновок",
                "val": "<a href='doc/ISO/НД/ПФ-115С/Висновок СЕС ПФ-115С.pdf' title='Завантажити санітарно-гігієнічний висновок' target='_blank'><img src='images/documents_download.png' alt=''/></>"
            },
            {
                "key": "ЗАСТОСУВАННЯ",
                "val": "Для зовнішніх та внутрішніх робіт"
            },
            {
                "key": "ТИП ПОВЕРХНІ",
                "val": "Для металу, дерева, бетона"
            },
            {
                "key": "ЗВ’ЯЗУЮЧЕ",
                "val": "Алкідний лак"
            },
            {
                "key": "ВЛАСТИВОСТІ",
                "val": "<ul><li>Яскрава і насичена колірна гамма</li><li>Відмінний блиск покриття</li><li>Підвищена покриваність</li><li>Висока міцність</li><li>Висока міцність</li><li>Довговічність покриття</li></ul>"
            },
            {
                "key": "ПРИЗНАЧЕННЯ",
                "val": "Рекомендована для фарбування металевих, дерев’яних, бетонних та інших поверхонь, що піддаються атмосферному впливу, а також експлуатованих усередині приміщень. Не рекомендована для оцинкованих поверхонь, кольорових і нержавіючих металів. Утворює високоглянсове декоративне світлостійке покриття. Використовується як самостійне покриття або в поєднанні з різними видами грунтовки (наприклад ґрунтовка ГФ - 021 «Спектр»)."
            },
            {
                "key": "РОЗЧИННИК",
                "val": "Уайт-спірит, нефрас, скипидар або суміш розчинників 1: 1"
            },
            {
                "key": "ЧАС ВИСИХАННЯ ОДНОГО ШАРУ",
                "val": "24 години при температурі (20±2) °С"
            },
            {
                "key": "ВИТРАТА",
                "val": "Витрата емалі на одношарове покриття в залежності від кольору і типу поверхні від 100 до 180 г/м<sup>2</sup>"
            },
            {
                "key": "НАНЕСЕННЯ",
                "val": "Пензлик, валик, пульверизатор"
            },
            {
                "key": "СКЛАД",
                "val": "Алкідний лак, пігменти, сикативи, розчинник, наповнювачі"
            },
            {
                "key": "ГАРАНТІЙНИЙ ТЕРМІН ЗБЕРІГАННЯ",
                "val": "24 месяці з дати виготовлення, при температурі від -40 °С до +40 °С"
            },
            {
                "key": "ФАСУВАННЯ",
                "val": "0,9кг<br/>2,8кг<br/>50 (спецзамовлення)"
            },
            {
                "key": "УПАКОВКА",
                "val": "0,9 кг по 8 од.<br/>2,8 кг - по 2 од."
            }
        ]
    },
    "colors": [
        "#ecece7",
        "#006f3d",
        "#008b29",
        "#003333",
        "#55e847",
        "#37422f",
        "#005b8c",
        "#007cb0",
        "#64b7d6",
        "#058b8c",
        "#9b9b9b",
        "#66332b",
        "#9d622b",
        "#a1a1a0",
        "#816183",
        "#6b1c23",
        "#00694c",
        "#fff600",
        "#ed6b21",
        "#0e0e10"
    ]
}
