{
    "title": {
        "title": "Фарба інтер’єрна С-20 ProfiLine"
    },
    "poster": {
        "img": "images/product/tara/original/wd-С20-ProfiLine.png"
    },
    "article": {
        "head": "ФАРБА ІНТЕР’ЄРНА С-20 PROFI LINE"
        ,
        "annotation": "Фарба інтер’єрна утворює бездоганне матове покриття, яке дозволяє стінам «дихати». Рекомендується для фарбування стель та стін в сухих приміщеннях з невисокою експлуатаційним навантаженням."
        ,
        "pictographs": [
            {
                "img": "images/opis/Image_429.png",
                "alt": "Матова"
            }
            , {
                "img": "images/opis/Image_430.png",
                "alt": "Стійка до вологого<br/>прибирання"
            }
            , {
                "img": "images/opis/Image_431.png",
                "alt": "Економна<br/>витрата"
            }
        ]
        ,
        "property": [
            {
                "key": "Версія для друку",
                "val": "<a href='doc/catalog/wd-C20-ProfiLine_ua.pdf' title='Завантажити версію для друку' target='_blank'><img src='images/document_download4print.png' alt=''/></>"
            }
            , {
                "key": "Санітарно-гігієнічний висновок",
                "val": "<a href='doc/ISO/НД/ФАРБА/Висновок СЕС_Фарба.pdf' title='Завантажити санітарно-гігієнічний висновок' target='_blank'><img src='images/documents_download.png' alt=''/></>"
            }
            , {
                "key": "ЗАСТОСУВАННЯ",
                "val": "Для внутрішніх робіт"
            }
            , {
                "key": "ТИП ПОВЕРХНІ",
                "val": "Всі види мінеральних основ: цементні,<br/>Цементно-вапняні, гіпсокартонні,<br/>зашпатльовані поверхні і шпалери під фарбування"
            }
            , {
                "key": "ЗВ’ЯЗУЮЧЕ",
                "val": "Акрилова дисперсія"
            }
            , {
                "key": "ВЛАСТИВОСТІ",
                "val": "<ul><li>Утворює білосніжне матове покриття</li><li>Не жовтіє з плином часу</li><li>Утворює зносостійке покриття</li><li>Тиксотропна, легко наноситься</li></ul>"
            }
            , {
                "key": "ПРИЗНАЧЕННЯ",
                "val": "Рекомендується для фарбування стін та стель в сухих приміщеннях з невисокою експлуатаційним навантаженням. Фарба не перешкоджає дифузії повітря, має гарну адгезійну міцність, не жовтіє, легка в застосуванні, екологічна і не має неприємного запаху."
            }
            , {
                "key": "ПІДГОТОВКА ПОВЕРХНІ",
                "val": "Перед фарбуванням поверхню очистити від неміцних покриттів, пилу і жиру. Обробити акриловою ґрунтовкою «Спектр С-10» або «Спектр З-10 Profi Line»"
            }
            , {
                "key": "РОЗЧИННИК",
                "val": "Вода"
            }
            , {
                "key": "ЧАС ВИСИХАННЯ",
                "val": "1 година при температурі (20 ± 2) °С"
            }
            , {
                "key": "ВИТРАТА",
                "val": "Витрата фарби на одношарове покриття до 7м<sup>2</sup>/л в залежності від типу поверхні та способу нанесення"
            }
            , {
                "key": "НАНЕСЕННЯ",
                "val": "Пензлик, валик, пульверизатор"
            }
            , {
                "key": "СКЛАД",
                "val": "Суспензія пігментів і наповнювачів в акрилової дисперсії з додаванням допоміжних речовин"
            }
            , {
                "key": "ГАРАНТІЙНИЙ ТЕРМІН ЗБЕРІГАННЯ",
                "val": "24 месяці з дати виготовлення"
            }
            , {
                "key": "ФАСУВАННЯ",
                "val": "1,4 кг<br/>4,2 кг<br/>7,0 кг<br/>14,0 кг"
            }
            , {
                "key": "УПАКОВКА",
                "val": "1,4 кг по 6 од.<br/>інша фасовка поштучно"
            }
            , {
                "key": "КОЛІР",
                "val": "Білий. Можлива колеровка вручну з допомогою колорантів <a href='koloranti.html'>«Colormix»</a>, або на колеровачних машинах."
            }
        ]
    },
    "colors": [
        "#d48d4f"
                , "#bef43e"
                , "#0c171d"
                , "#5ee5aa"
                , "#4185ed"
                , "#feff4c"
                , "#774a2d"
                , "#fd0a28"
                , "#fbf406"
                , "#fe8c68"
                , "#77843e"
                , "#e0a74e"
                , "#fdac74"
                , "#a08239"
                , "#50de54"
                , "#0026ff"
    ]
}
