{
    "title": {
        "title": "Фарба інтер’єрна, стійка до миття С-22 LuxLine"
    },
    "poster": {
        "img": "images/product/tara/original/wd-С22-LuxLine.png"
    },
    "article": {
        "head": "ФАРБА ІНТЕР’ЄРНА LUX LINE С-22 ВОДНО-ДИСПЕРСІЙНА"
        ,
        "annotation": "Інтер’єрна фарба Lux Line С - 22 утворює особливо міцне покриття, яке відрізняється особливою стійкістю до багаторазового миття."
        ,
        "pictographs": [
            {
                "img": "images/opis/Image_292.png",
                "alt": "Стійка до миття"
            }
            , {
                "img": "images/opis/Image_293.png",
                "alt": "Екологічна"
            }
        ]
        ,
        "property": [
            {
                "key": "Версія для друку",
                "val": "<a href='doc/catalog/wd-C22-LuxLine_ua.pdf' title='Завантажити версію для друку' target='_blank'><img src='images/document_download4print.png' alt=''/></>"
            }
            , {
                "key": "Санітарно-гігієнічний висновок",
                "val": "<a href='doc/ISO/НД/ФАРБА/Висновок СЕС_Фарба.pdf' title='Завантажити санітарно-гігієнічний висновок' target='_blank'><img src='images/documents_download.png' alt=''/></>"
            }
            , {
                "key": "Санітарно-гігієнічний висновок",
                "val": "<a href='doc/ISO/НД/ФАРБА/Висновок СЕС_Фарба.pdf' title='Завантажити санітарно-гігієнічний висновок' target='_blank'><img src='images/documents_download.png' alt=''/></>"
            }
            , {
                "key": "ЗАСТОСУВАННЯ",
                "val": "Для внутрішніх робіт"
            }
            , {
                "key": "ТИП ПОВЕРХНІ",
                "val": "Всі види мінеральних основ: цементні, цементно-вапняні, гіпсокартонні, зашпатльовані поверхні і шпалери під фарбування"
            }
            , {
                "key": "ЗВ’ЯЗУЮЧЕ",
                "val": "Акрилова дисперсія"
            }
            , {
                "key": "ВЛАСТИВОСТІ",
                "val": "<ul><li>Стійка до миття (2000 циклів)</li><li>Має високу адгезію</li><li>Створює зносостійке і довговічне покриття</li></ul>"
            }
            , {
                "key": "ПРИЗНАЧЕННЯ",
                "val": "Рекомендована для фарбування поверхонь всередині приміщень, виконаних з мінеральних (цементна і цементно-вапняна штукатурка, шпаклівка, цегла, бетон), гіпсових, дерев’яних і деревних основ, шпалер на паперовій і скловолокнистій основі"
            }
            , {
                "key": "ПІДГОТОВКА ПОВЕРХНІ",
                "val": "Перед фарбуванням поверхню очистити від неміцних покриттів, пилу і жиру. Обробити акриловою ґрунтовкою «Спектр С-10» або «Спектр С-10 Profi Line»"
            }
            , {
                "key": "РОЗЧИННИК",
                "val": "Вода"
            }
            , {
                "key": "ЧАС ВИСИХАННЯ",
                "val": "1 година при температурі +20°С при вологості повітря 55%"
            }
            , {
                "key": "ВИТРАТА",
                "val": "Витрата фарби на одношарове покриття 150-200г/м<sup>2</sup> (5-7м<sup>2</sup>/л) в залежності від кольору і типу поверхні"
            }
            , {
                "key": "НАНЕСЕННЯ",
                "val": "Пензлик, валик, пульверизатор"
            }
            , {
                "key": "СКЛАД",
                "val": "Суспензія пігментів і наповнювачів в акриловій дисперсії з додаванням допоміжних речовин"
            }
            , {
                "key": "ГАРАНТІЙНИЙ ТЕРМІН ЗБЕРІГАННЯ",
                "val": "24 месяці з дати виготовлення"
            }
            , {
                "key": "ФАСУВАННЯ",
                "val": "1,4 кг<br/>4,2 кг<br/>7,0 кг<br/>14,0 кг"
            }
            , {
                "key": "УПАКОВКА",
                "val": "1,4 кг по 6 од.<br/>інша фасовка поштучно"
            }
            , {
                "key": "КОЛІР",
                "val": "Білий. Можлива колеровка вручну з допомогою колорантів <a href='koloranti.html'>«Colormix»</a>, або на колеровачних машинах."
            }
        ]
    },
    "colors": [
        "#d48d4f"
                , "#bef43e"
                , "#0c171d"
                , "#5ee5aa"
                , "#4185ed"
                , "#feff4c"
                , "#774a2d"
                , "#fd0a28"
                , "#fbf406"
                , "#fe8c68"
                , "#77843e"
                , "#e0a74e"
                , "#fdac74"
                , "#a08239"
                , "#50de54"
                , "#0026ff"
    ]
}
