{
    "title": {
        "title": "Краска фасадная, акриловая С-23 ProfiLine"
    },
    "poster": {
        "img": "images/product/tara/original/wd-С23-Profiline.png"
    },
    "article": {
        "head": "КРАСКА АКРИЛОВАЯ ДЛЯ ФАСАДОВ С-23 PROFI LINE"
        ,
        "annotation": "Краска для фасадов образует прочное, долговечное матовое покрытие. Устойчива к агрессивным воздействиям окружающей среды. Благодаря многоступенчатой системе контроля сырья, производство обеспечивает постоянную надлежащее качество продукции по доступной цене."
        ,
        "pictographs": [
            {
                "img": "images/opis/Image_453.png",
                "alt": "Позволяет стенам <br/> «дышать»"
            }
            , {
                "img": "images/opis/Image_454.png",
                "alt": "Атмосферостойкая"
            }
            , {
                "img": "images/opis/Image_455.png",
                "alt": "Экологическая"
            }
        ]
        ,
        "property": [
            {
                "key": "Версия для печати",
                "val": "<a href='doc/catalog/wd-C23-ProfiLine_ua.pdf' title='Загрузить версию для печати' target='_blank'><img src='images/document_download4print.png' alt=''/></>"
            }
            , {
                "key": "Санитарно-гигиеническое заключение",
                "val": "<a href='doc/ISO/НД/ФАРБА/Висновок СЕС_Фарба.pdf' title='Загрузить санитарно-гигиеническое заключение' target='_blank'><img src='images/documents_download.png' alt=''>"
            }
            , {
                "key": "ПРИМЕНЕНИЕ",
                "val": "Для наружных и внутренних работ"
            }
            , {
                "key": "ТИП ПОВЕРХНОСТИ",
                "val": "Все виды минеральных оснований: штукатурка, шпаклевка, кирпич, бетон, шлакоблоки, а также гипсовые и деревянные основания"
            }
            , {
                "key": "СВЯЗУЮЩЕЕ",
                "val": "Акриловая дисперсия"
            }
            , {
                "key": "СВОЙСТВА",
                "val": "<ul><li>Образует матовое покрытие</li><li>Атмосферостойкая, позволяет стенам «дышать»</li><li>Долговечная</li><li>Тиксотропная, легко наносится</li></ul>"
            }
            , {
                "key": "НАЗНАЧЕНИЕ",
                "val": "Рекомендуется для окраски фасадов жилых, общественных, административных, торговых, складских зданий и промышленных предприятий."
            }
            , {
                "key": "ПОДГОТОВКА ПОВЕРХНОСТИ",
                "val": "Перед покраской очистить от пыли, масляных, жировых и других загрязнений. Дефекты поверхности заштукатурить или зашпаклевать. Для улучшения адгезии поверхность обработать акриловой грунтовкой.« Спектр С-10 »или «Спектр С-10 Profi Line» "
            }
            , {
                "key": "РАСТВОРИТЕЛЬ",
                "val": "Вода"
            }
            , {
                "key": "ВРЕМЯ ВЫСЫХАНИЯ",
                "val": "1:00 при температуре (20 ± 2) ° С"
            }
            , {
                "key": "РАСХОД",
                "val": "Расход краски на однослойное покрытие до 8м<sup>2</sup>/л в зависимости от типа поверхности и способа нанесения"
            }
            , {
                "key": "НАНЕСЕНИЕ",
                "val": "Кисточка, валик, пульверизатор"
            }
            , {
                "key": "СОСТАВ",
                "val": "Суспензия пигментов и наполнителей в акриловой дисперсии с добавлением вспомогательных веществ"
            }
            , {
                "key": "Гарантийный срок хранения",
                "val": "24 месяца с даты изготовления"
            }
            , {
                "key": "ФАСОВКА",
                "val": "1,4 кг <br/> 4,2 кг <br/> 7,0 кг <br/> 14,0 кг"
            }
            , {
                "key": "УПАКОВКА",
                "val": "1,4 кг по 6 ед. <br/> другая фасовка поштучно"
            }
            , {
                "key": "ЦВЕТ",
                "val": "Белый. Возможна колеровка вручную с помощью колоранты <a href='koloranti.html'>«Colormix»</a>, либо на колеровачних машинах."
            }]
    },
    "colors": [
        "#d48d4f"
                , "#bef43e"
                , "#0c171d"
                , "#5ee5aa"
                , "#4185ed"
                , "#feff4c"
                , "#774a2d"
                , "#fd0a28"
                , "#fbf406"
                , "#fe8c68"
                , "#77843e"
                , "#e0a74e"
                , "#fdac74"
                , "#a08239"
                , "#50de54"
                , "#0026ff"
    ]
}
