{
    "title": {
        "title": "Краска интерьерная, устойчивая к мытью С-22 LuxLine"
    },
    "poster": {
        "img": "images/product/tara/original/wd-С22-LuxLine.png"
    },
    "article": {
        "head": "КРАСКА ИНТЕРЬЕРНАЯ LUX LINE С-22 ВОДНО-ДИСПЕРСИОННАЯ"
        ,
        "annotation": "Интерьерная краска Lux Line С - 22 образует особо прочное покрытие, которое отличается особой устойчивостью к многократному мытью."
        ,
        "pictographs": [
            {
                "img": "images/opis/Image_292.png",
                "alt": "Стойкая к мытью"
            }
            , {
                "img": "images/opis/Image_293.png",
                "alt": "Экологическая"
            }
        ]
        ,
        "property": [
            {
                "key": "Версия для печати",
                "val": "<a href='doc/catalog/wd-C22-LuxLine_ua.pdf' title='Загрузить версию для печати' target='_blank'><img src='images/document_download4print.png' alt=''/></>"
            }
            , {
                "key": "Санитарно-гигиеническое заключение",
                "val": "<a href='doc/ISO/НД/ФАРБА/Висновок СЕС_Фарба.pdf' title='Загрузить санитарно-гигиеническое заключение' target='_blank'><img src='images/documents_download.png' alt=''>"
            }
            , {
                "key": "ПРИМЕНЕНИЕ",
                "val": "Для внутренних работ"
            }
            , {
                "key": "ТИП ПОВЕРХНОСТИ",
                "val": "Все виды минеральных оснований: цементные, цементно-известковые, гипсокартонные, зашпаклеванные поверхности и обои под покраску"
            }
            , {
                "key": "СВЯЗУЮЩЕЕ",
                "val": "Акриловая дисперсия"
            }
            , {
                "key": "СВОЙСТВА",
                "val": "<ul><li>Стойкая к мытью</li><li>Имеет высокую адгезию</li><li>Создает износостойкое и долговечное покрытие</li></ul>"
            }
            , {
                "key": "НАЗНАЧЕНИЕ",
                "val": "Рекомендуется для окраски поверхностей внутри помещений, выполненных из минеральных (цементная и цементно-известковая штукатурка, шпаклевка, кирпич, бетон), гипсовых, деревянных и древесных оснований, обоев на бумажной и стекловолокнистой основе "
            }
            , {
                "key": "ПОДГОТОВКА ПОВЕРХНОСТИ",
                "val": "Перед покраской поверхность очистить от непрочных покрытий, пыли и жира. Обработать акриловой грунтовкой« Спектр С-10 »или« Спектр С-10 Profi Line »"
            }
            , {
                "key": "РАСТВОРИТЕЛЬ",
                "val": "Вода"
            }
            , {
                "key": "ВРЕМЯ ВЫСЫХАНИЯ",
                "val": "1:00 при температуре 20 ° С при влажности воздуха 55%"
            }
            , {
                "key": "РАСХОД",
                "val": "Расход краски на однослойное покрытие 150-200/м<sup>2</sup> (5-7м<sup>2</ sup>/л) в зависимости от цвета и типа поверхности "
            }
            , {
                "key": "НАНЕСЕНИЕ",
                "val": "Кисточка, валик, пульверизатор"
            }
            , {
                "key": "СОСТАВ",
                "val": "Суспензия пигментов и наполнителей в акриловой дисперсии с добавлением вспомогательных веществ"
            }
            , {
                "key": "ГАРАНТИЙНЫЙ СРОК ХРАНЕНИЯ",
                "val": "24 месяца с даты изготовления"
            }
            , {
                "key": "ФАСОВКА",
                "val": "1,4 кг <br/> 4,2 кг <br/> 7,0 кг <br/> 14,0 кг"
            }
            , {
                "key": "УПАКОВКА",
                "val": "1,4 кг по 6 ед. <br/> другая фасовка поштучно"
            }
            , {
                "key": "ЦВЕТ",
                "val": "Белый. Возможна колеровка вручную с помощью колорантов <a href='koloranti.html'>«Colormix»</a>, либо на колеровачних машинах."
            }]
    },
    "colors": [
        "#d48d4f"
                , "#bef43e"
                , "#0c171d"
                , "#5ee5aa"
                , "#4185ed"
                , "#feff4c"
                , "#774a2d"
                , "#fd0a28"
                , "#fbf406"
                , "#fe8c68"
                , "#77843e"
                , "#e0a74e"
                , "#fdac74"
                , "#a08239"
                , "#50de54"
                , "#0026ff"
    ]
}
