{
    "title": {
        "title": "Фарба олійна МА-15"
    },
    "poster": {
        "img": "images/product/tara/original/ma-15-9.png"
    },
    "article": {
        "head": "ФАРБА МАСЛЯНА МА-15"
        ,
        "annotation": "Глянцева олійна фарба МА-15 на алкідній основі. Використовується для фарбування зовнішніх дощатих стін, обшивальних дощок, віконних рам, поручнів, огорож, флагштоків та інше"
        ,
        "pictographs": [
            {
                "img": "images/opis/Image_190.png",
                "alt": "Атмосферостійка"
            }
            , {
                "img": "images/opis/Image_189.png",
                "alt": "Оптимальне<br/>співвідношення<br/>ціна/якість"
            }
            , {
                "img": "images/opis/Image_188.png",
                "alt": "Яскраві<br/>кольори"
            }
        ]
        ,
        "property": [
            {
                "key": "Версія для друку",
                "val": "<a href='doc/catalog/ma-15_ua.pdf' title='Завантажити версію для друку' target='_blank'><img src='images/document_download4print.png' alt=''/></>"
            }
            , {
                "key": "Санітарно-гігієнічний висновок",
                "val": "<a href='doc/ISO/НД/МА-15/Висновок СЕС_МА-15.pdf' title='Завантажити санітарно-гігієнічний висновок' target='_blank'><img src='images/documents_download.png' alt=''/></>"
            }
            , {
                "key": "ЗАСТОСУВАННЯ",
                "val": "Для зовнішніх та внутрішніх робіт"
            }
            , {
                "key": "ТИП ПОВЕРХНІ",
                "val": "Метал, дерево, бетон"
            }
            , {
                "key": "ЗВ’ЯЗУЮЧЕ",
                "val": "Оліфа"
            }
            , {
                "key": "ВЛАСТИВОСТІ",
                "val": "<ul><li>Світлостійка, атмосферостійка</li><li>Міцна, надійний захист</li><li>Економічна</li></ul>"
            }
            , {
                "key": "ПРИЗНАЧЕННЯ",
                "val": "Для дахів"
            }
            , {
                "key": "ПІДГОТОВКА ПОВЕРХНІ",
                "val": "Перед застосуванням необхідно ретельно перемішати і, при необхідності, розбавити до робочої в’язкості уайт-спіритом, скипидаром, розчинником для масляних фарб. Фарбовану поверхню очистити від пилу, бруду, жиру, відшарованого старого покриття."
            }
            , {
                "key": "РОЗЧИННИК",
                "val": "Уайт-спірит, скипидар, розчинник для олійних фарб"
            }
            , {
                "key": "ЧАС ВИСИХАННЯ",
                "val": "Час висихання кожного шару 24 ч при температурі 20 °С"
            }
            , {
                "key": "ВИТРАТА",
                "val": "Витрата емалі на одношарове покриття 130 г/м<sup>2</sup> в залежності від кольору і типу поверхні"
            }
            , {
                "key": "НАНЕСЕННЯ",
                "val": "Пензлик, валик"
            }
            , {
                "key": "СКЛАД",
                "val": "Суспензія пігментів і наповнювачів в оліфі з додаванням розчинників, сикативу і функціональних добавок"
            }
            , {
                "key": "ГАРАНТІЙНИЙ ТЕРМІН ЗБЕРІГАННЯ",
                "val": "24 месяці з дати виготовлення"
            }
            , {
                "key": "ФАСУВАННЯ",
                "val": "2,5 кг<br/>60,0 кг"
            }
            , {
                "key": "УПАКОВКА",
                "val": "2,5 кг по 6 од"
            }
        ]
    },
    "colors": [
        "#ecece7"
                , "#006f3d"
                , "#008b29"
                , "#114232"
                , "#005b8c"
                , "#007cb0"
                , "#193153"
                , "#7a7b7a"
                , "#66332b"
                , "#9d622b"
                , "#66332b"
                , "#75151e"
                , "#fb3510"
                , "#00694c"
                , "#fff600"
    ]
}
