{
    "title": {
        "title": "Сурик железный МА-15"
    },
    "poster": {
        "img": "images/product/tara/original/ma-15-Surik-9.png"
    },
    "article": {
        "head": "СУРИК ЖЕЛЕЗНЫЙ МА-15"
        ,
        "annotation": "Сурик железный представляет собой твердое покрытие, отличается высокими абразивными свойствами и повышенной устойчивостью к нагреванию. Сурик используется для защиты основного материала (металла, древесины, штукатурки) от внешней среды."
        ,
        "pictographs": [
            {
                "img": "images/opis/Image_226.png",
                "alt": "Защита<br/>от коррозии"
            }
            , {
                "img": "images/opis/Image_227.png",
                "alt": "Високая<br/>адгезия"
            }
            , {
                "img": "images/opis/Image_228.png",
                "alt": "Прочная"
            }
        ]
        ,
        "property": [
            {
                "key": "Версия для печати",
                "val": "<a href='doc/catalog/ma-15-surik_ua.pdf' title='Загрузить версию для печати' target='_blank'><img src='images/document_download4print.png' alt=''/></>"
            }
            , {
                "key": "Санитарно-гигиеническое заключение",
                "val": "<a href='doc/ISO/НД/МА-15/Висновок СЕС_МА-15.pdf' title='Загрузить санитарно-гигиеническое заключение' target='_blank'><img src='images/documents_download.png' alt=''>"
            }
            , {
                "key": "ПРИМЕНЕНИЕ",
                "val": "Для наружных и внутренних работ"
            }
            , {
                "key": "ТИП ПОВЕРХНОСТИ",
                "val": "Металл, дерево, бетон"
            }
            , {
                "key": "СВЯЗУЮЩЕЕ",
                "val": "олифа"
            }
            , {
                "key": "СВОЙСТВА",
                "val": "<ul><li>Антикоррозийная</li><li>светостойкой</li><li>Атмосферостойкий</li><li>Экономический</li></ul>"
            }
            , {
                "key": "НАЗНАЧЕНИЕ",
                "val": "Для крыш"
            }
            , {
                "key": "ПОДГОТОВКА ПОВЕРХНОСТИ",
                "val": "Перед применением необходимо тщательно перемешать и, при необходимости, разбавить до рабочей вязкости уайт-спиритом, скипидаром, растворителем для масляных красок. Окрашенной поверхности очистить от пыли, грязи , жира, отслоенного старого покрытия. "
            }
            , {
                "key": "РАСТВОРИТЕЛЬ",
                "val": "Уайт-спирит, скипидар, растворитель для масляных красок"
            }
            , {
                "key": "ВРЕМЯ ВЫСЫХАНИЯ",
                "val": "Время высыхания каждого слоя 24 ч при температуре 20 ° С"
            }
            , {
                "key": "РАСХОД",
                "val": "Расход эмали на однослойное покрытие 130 г / м <sup> 2 </ sup> в зависимости от цвета и типа поверхности"
            }
            , {
                "key": "НАНЕСЕНИЕ",
                "val": "Кисточка, валик"
            }
            , {
                "key": "СОСТАВ",
                "val": "Суспензия пигментов и наполнителей в олифе с добавлением растворителей, сиккатива и функциональных добавок"
            }
            , {
                "key": "ГАРАНТИЙНЫЙ СРОК ХРАНЕНИЯ",
                "val": "24 месяца с даты изготовления"
            }
            , {
                "key": "ФАСОВКА",
                "val": "2,5 кг <br/> 4,0 кг <br/> 60,0 кг"
            }
            , {
                "key": "УПАКОВКА",
                "val": "2,5 кг по 6 ед. <br/> 4 кг по 6 ед."
            }]
    },
    "colors": [
        "#6b0d0d"
    ]
}
