{
    "title": {
        "title": "Фарба масляна для дахів МА-15"
    },
    "poster": {
        "img": "images/product/tara/original/ma-15-Dlya-Dahu-9.png"
    },
    "article": {
        "head": "ФАРБА МАСЛЯНА ДЛЯ ДАХІВ МА-15"
        ,
        "annotation": "Традиційна масляна фарба для дахів – перевірений часом продукт доступний кожному"
        ,
        "pictographs": [
            {
                "img": "images/opis/Image_190.png",
                "alt": "Атмосферостійка"
            }
            , {
                "img": "images/opis/Image_188.png",
                "alt": "Яскраві<br/>кольори"
            }
            , {
                "img": "images/opis/Image_189.png",
                "alt": "Економічна"
            }
        ]
        ,
        "property": [
            {
                "key": "Версія для друку",
                "val": "<a href='doc/catalog/ma-15-dah_ua.pdf' title='Завантажити версію для друку' target='_blank'><img src='images/document_download4print.png' alt=''/></>"
            }
            , {
                "key": "Санітарно-гігієнічний висновок",
                "val": "<a href='doc/ISO/НД/МА-15/Висновок СЕС_МА-15.pdf' title='Завантажити санітарно-гігієнічний висновок' target='_blank'><img src='images/documents_download.png' alt=''/></>"
            }
            , {
                "key": "ЗАСТОСУВАННЯ",
                "val": "Для зовнішніх та внутрішніх робіт"
            }
            , {
                "key": "ТИП ПОВЕРХНІ",
                "val": "Метал, дерево, бетон"
            }
            , {
                "key": "ЗВ’ЯЗУЮЧЕ",
                "val": "Оліфа"
            }
            , {
                "key": "ВЛАСТИВОСТІ",
                "val": "<ul><li>Атмосферостійка</li><li>Світлостійка</li><li>Широкий спектр кольорів</li></ul>"
            }
            , {
                "key": "ПРИЗНАЧЕННЯ",
                "val": "Для дахів"
            }
            , {
                "key": "ПІДГОТОВКА ПОВЕРХНІ",
                "val": "Перед застосуванням необхідно ретельно перемішати і, при необхідності, розбавити до робочої в’язкості уайт-спіритом, скипидаром, розчинником для масляних фарб. Фарбовану поверхню очистити від пилу, бруду, жиру, відшарованого старого покриття."
            }
            , {
                "key": "РОЗЧИННИК",
                "val": "Уайт-спірит, скипидар, розчинник для олійних фарб"
            }
            , {
                "key": "ЧАС ВИСИХАННЯ",
                "val": "Час висихання кожного шару 24 ч при температурі 20 °С"
            }
            , {
                "key": "ВИТРАТА",
                "val": "Витрата емалі на одношарове покриття 130 г/м<sup>2</sup> в залежності від кольору і типу поверхні"
            }
            , {
                "key": "НАНЕСЕННЯ",
                "val": "Пензлик, валик"
            }
            , {
                "key": "СКЛАД",
                "val": "Суспензія пігментів і наповнювачів в оліфі з додаванням розчинників, сикативу і функціональних добавок"
            }
            , {
                "key": "ГАРАНТІЙНИЙ ТЕРМІН ЗБЕРІГАННЯ",
                "val": "24 месяці з дати виготовлення"
            }
            , {
                "key": "ФАСУВАННЯ",
                "val": "2,5 кг<br/>60,0 кг"
            }
            , {
                "key": "УПАКОВКА",
                "val": "2,5 кг по 6 од"
            }
        ]
    },
    "colors": [
        "#325928"
    ]
}
