{
    "title": {
        "title": "Краска фасадная, акриловая С-24 LuxLine"
    },
    "poster": {
        "img": "images/product/tara/original/wd-С24-Luxline.png"
    },
    "article": {
        "head": "КРАСКА ФАСАДНАЯ LUX LINE С-24 ВОДНО-ДИСПЕРСИОННАЯ"
        ,
        "annotation": "Высококачественная фасадная краска lux line С-24 характеризуется высокой укрывистостью и отличной адгезией к окрашиваемой поверхности. Входит в линейку особо прочных красок. Благодаря устойчивым пигментам цвет сохраняется на долгие годы"
        ,
        "pictographs": [
            {
                "img": "images/opis/Image_190.png",
                "alt": "Атмосферостойкая"
            }
            , {
                "img": "images/opis/Image_320.png",
                "alt": "Устойчива к <br/> выцветанию"
            }
            , {
                "img": "images/opis/Image_293.png",
                "alt": "Экологическая"
            }
        ]
        ,
        "property": [
            {
                "key": "Версия для печати",
                "val": "<a href='doc/catalog/wd-C24-LuxLine_ua.pdf' title='Загрузить версию для печати' target='_blank'><img src='images/document_download4print.png' alt=''/></>"
            }
            , {
                "key": "Санитарно-гигиеническое заключение",
                "val": "<a href='doc/ISO/НД/ФАРБА/Висновок СЕС_Фарба.pdf' title='Загрузить санитарно-гигиеническое заключение' target='_blank'><img src='images/documents_download.png' alt=''>"
            }
            , {
                "key": "ПРИМЕНЕНИЕ",
                "val": "Для наружных и внутренних работ"
            }
            , {
                "key": "ТИП ПОВЕРХНОСТИ",
                "val": "Бетонные плиты, кирпичная, штукатурные, <br/> Шпаклевочные участки, деревянные изделия, <br/> Грунтованные металлические конструкции"
            }
            , {
                "key": "СВЯЗУЮЩЕЕ",
                "val": "Акриловая дисперсия"
            }
            , {
                "key": "СВОЙСТВА",
                "val": "<ul><li>Образует высокопрочное покрытие</li><li>Устойчива к атмосферным воздействиям</li><li>Устойчива к выцветанию</li></ul>"
            }
            , {
                "key": "НАЗНАЧЕНИЕ",
                "val": "Применяется для окраски фасадов зданий по любым минеральным основаниям (цементная и цементно-известковая штукатурка, шпаклевка, кирпич, бетон, шлакоблок), а также гипсовых оснований. Рекомендуется для первичной и ремонтной окраски фасадов жилых, исторических, общественных, административных, торговых, складских зданий, памятников архитектуры, а также для работ в приморской зоне. "
            }
            , {
                "key": "ПОДГОТОВКА ПОВЕРХНОСТИ",
                "val": "Перед покраской поверхность очистить от непрочных покрытий, пыли и жира. Обработать акриловой грунтовкой« Спектр С-10 »или« Спектр С-10 Profi Line »"
            }
            , {
                "key": "РАСТВОРИТЕЛЬ",
                "val": "Вода"
            }
            , {
                "key": "ВРЕМЯ ВЫСЫХАНИЯ",
                "val": "1:00 при температуре 20 ° С при влажности воздуха 55%"
            }
            , {
                "key": "РАСХОД",
                "val": "Расход краски на однослойное покрытие 150-200/м<sup>2</sup> в зависимости от цвета и типа поверхности"
            }
            , {
                "key": "НАНЕСЕНИЕ",
                "val": "Кисточка, валик, пульверизатор"
            }
            , {
                "key": "СОСТАВ",
                "val": "Суспензия пигментов и наполнителей в акриловой дисперсии с добавлением вспомогательных веществ"
            }
            , {
                "key": "ГАРАНТИЙНЫЙ СРОК ХРАНЕНИЯ",
                "val": "24 месяца с даты изготовления"
            }
            , {
                "key": "ФАСОВКА",
                "val": "1,4 кг <br/> 4,2 кг <br/> 7,0 кг <br/> 14,0 кг"
            }
            , {
                "key": "УПАКОВКА",
                "val": "1,4 кг по 6 ед. <br/> другая фасовка поштучно"
            }
            , {
                "key": "ЦВЕТ",
                "val": "Белый. Возможна колеровка вручную с помощью колоранты <a href='koloranti.html'>«Colormix»</a>, либо на колеровачних машинах."
            }]
    },
    "colors": [
        "#d48d4f"
                , "#bef43e"
                , "#0c171d"
                , "#5ee5aa"
                , "#4185ed"
                , "#feff4c"
                , "#774a2d"
                , "#fd0a28"
                , "#fbf406"
                , "#fe8c68"
                , "#77843e"
                , "#e0a74e"
                , "#fdac74"
                , "#a08239"
                , "#50de54"
                , "#0026ff"
    ]
}
