{
    "title": {
        "title": "Фарба інтер’єрна С-21 ProfiLine"
    },
    "poster": {
        "img": "images/product/tara/original/wd-С21-ProfiLine.png"
    },
    "article": {
        "head": "ФАРБА ДЛЯ СТІН ТА СТЕЛЬ С-21 PROFI LINE"
        ,
        "annotation": "Фарба для стін та стель володіє незвичайною білизною, створюючи довговічне якісне покриття. Завдяки багатоступеневій системі контролю сировини, виробництво забезпечує постійну належну якість продукції за доступною ціною."
        ,
        "pictographs": [
            {
                "img": "images/opis/Image_405.png",
                "alt": "Білосніжна"
            }
            , {
                "img": "images/opis/Image_406.png",
                "alt": "Не жовтіє"
            }
            , {
                "img": "images/opis/Image_407.png",
                "alt": "Легко<br/>наноситься"
            }
        ]
        ,
        "property": [
            {
                "key": "Версія для друку",
                "val": "<a href='doc/catalog/wd-C21-ProfiLine_ua.pdf' title='Завантажити версію для друку' target='_blank'><img src='images/document_download4print.png' alt=''/></>"
            }
            , {
                "key": "Санітарно-гігієнічний висновок",
                "val": "<a href='doc/ISO/НД/ФАРБА/Висновок СЕС_Фарба.pdf' title='Завантажити санітарно-гігієнічний висновок' target='_blank'><img src='images/documents_download.png' alt=''/></>"
            }
            , {
                "key": "ЗАСТОСУВАННЯ",
                "val": "Для внутрішніх робіт"
            }
            , {
                "key": "ТИП ПОВЕРХНІ",
                "val": "Всі види мінеральних основ: цементні,<br/>Цементно-вапняні, гіпсокартонні,<br/>зашпатльовані поверхні і шпалери під фарбування"
            }
            , {
                "key": "ЗВ’ЯЗУЮЧЕ",
                "val": "Акрилова дисперсія"
            }
            , {
                "key": "ВЛАСТИВОСТІ",
                "val": "<ul><li>Утворює сніжно-біле матове покриття</li><li>Не жовтіє з плином часу</li><li>Зносостійка і довговічна</li><li>Тиксотропна, легко наноситься</li></ul>"
            }
            , {
                "key": "ПРИЗНАЧЕННЯ",
                "val": "Рекомендована для декоративно-захисного фарбування стін та стель всередині приміщень, що не піддаються підвищеній експлуатації і не вимагають миття. Фарба не перешкоджає дифузії повітря, має гарну адгезійну міцність, не жовтіє, легка в застосуванні, екологічна і не має неприємного запаху."
            }
            , {
                "key": "ПІДГОТОВКА ПОВЕРХНІ",
                "val": "Перед фарбуванням поверхню очистити від неміцних покриттів, пилу і жиру. Обробити акриловою ґрунтовкою «Спектр С-10» або «Спектр С-10 Profi Line»"
            }
            , {
                "key": "РОЗЧИННИК",
                "val": "Вода"
            }
            , {
                "key": "ЧАС ВИСИХАННЯ",
                "val": "1 година при температурі + 20 °С відносно вологості повітря 55%"
            }
            , {
                "key": "ВИТРАТА",
                "val": "Витрата фарби на одношарове покриття від 240-260 г/м<sup>2</sup> (5-7 м<sup>2</sup> / л) в залежності від типу поверхні та способу нанесення"
            }
            , {
                "key": "НАНЕСЕННЯ",
                "val": "Пензлик, валик, пульверизатор"
            }
            , {
                "key": "СКЛАД",
                "val": "Суспензія пігментів і наповнювачів в акрилової дисперсії з додаванням допоміжних речовин"
            }
            , {
                "key": "ГАРАНТІЙНИЙ ТЕРМІН ЗБЕРІГАННЯ",
                "val": "24 месяці з дати виготовлення"
            }
            , {
                "key": "ФАСУВАННЯ",
                "val": "1,4 кг<br/>4,2 кг<br/>7,0 кг<br/>14,0 кг"
            }
            , {
                "key": "УПАКОВКА",
                "val": "1,4 кг по 6 од.<br/>інша фасовка поштучно"
            }
            , {
                "key": "КОЛІР",
                "val": "Білий. Можлива колеровка вручну з допомогою колорантів <a href='koloranti.html'>«Colormix»</a>, або на колеровачних машинах."
            }
        ]
    },
    "colors": [
        "#d48d4f"
                , "#bef43e"
                , "#0c171d"
                , "#5ee5aa"
                , "#4185ed"
                , "#feff4c"
                , "#774a2d"
                , "#fd0a28"
                , "#fbf406"
                , "#fe8c68"
                , "#77843e"
                , "#e0a74e"
                , "#fdac74"
                , "#a08239"
                , "#50de54"
                , "#0026ff"
    ]
}
