{
    "title": {
        "title": "Краска бактерицидная для защиты деревьев и кустов"
    },
    "poster": {
        "img": "images/product/tara/original/wd-Derevo.png"
    },
    "article": {
        "head": "КРАСКА БАКТЕРИЦИДНАЯ ДЛЯ ЗАЩИТЫ ДЕРЕВЬЕВ И КУСТОВ"
        ,
        "annotation": "Для лечебно-профилактического окрашивания стволов, кустов и деревьев (плодовых и декоративных) с целью защиты от солнечных ожогов, дезинфекции ствола и ветвей, уничтожения возбудителей болезни и вредителей. Содержит АГРОТЕХНИЧЕСКИЕ добавки."
        ,
        "pictographs": [
            {
                "img": "images/opis/Image_454.png",
                "alt": "Aтмосферостойкая"
            },
            {
                "img": "images/opis/Image_455.png",
                "alt": "Экологическая"
            }
        ]
        ,
        "property": [
            {
                "key": "Версия для печати",
                "val": "<a href='doc/catalog/wd-derevo_ua.pdf' title='Загрузить версию для печати' target='_blank'><img src='images/document_download4print.png' alt=''/></>"
            }
            , {
                "key": "Санитарно-гигиеническое заключение",
                "val": "<a href='doc/ISO/НД/ФАРБА/Висновок СЕС_Фарба.pdf' title='Загрузить санитарно-гигиеническое заключение' target='_blank'><img src='images/documents_download.png' alt=''>"
            }
            , {
                "key": "ПРИМЕНЕНИЕ",
                "val": "Для наружных работ"
            }
            , {
                "key": "ОСОБЕННОСТИ",
                "val": "Краска садовая содержит противогрибковые и противомикробные добавки, препятствующие прорастанию спор микроорганизмов. Защитное покрытие сохраняется на поверхности деревьев не менее 1 года, может переносить перепады температур от -40 ° С до + 40 ° С. При нанесении не стекает."
            }
            , {
                "key": "РАСТВОРИТЕЛЬ",
                "val": "Вода"
            }
            , {
                "key": "ВРЕМЯ ВЫСЫХАНИЯ",
                "val": "2-4 часа при температуре 20 ± 2 °С"
            }
            , {
                "key": "РАСХОД",
                "val": "Краску наносить кистью в 1-2 слоя. Расход краски от 0,2 кг/м<sup>2</sup>."
            }
            , {
                "key": "НАНЕСЕНИЕ",
                "val": "Рекомендуется наности при благоприятных погодных условиях, подготовить поверхность дерева, очистить от поврежденной коры и грибков щеткой. Перед использованием краску тщательно перемешать и при необходимости разбавить водой (5-10% от массы)."
            }
            , {
                "key": "СОСТАВ",
                "val": "Вода, полимер, антисептик, противогрибковые и противомикробные добавки."
            }
            , {
                "key": "УСЛОВИЯ ХРАНЕНИЯ И ТРАНСПОРТИРОВКИ",
                "val": "Хранить и перевозить при температуре не ниже + 5 ° С, в плотно закрытой таре."
            }
            , {
                "key": "МЕРЫ ПРЕДОСТОРОЖНОСТИ",
                "val": "Для защиты рук использовать резиновые перчатки. При попадании на кожу немедленно промыть теплой водой с мылом. Не допускать попадания солнечных лучей на тару."
            }
            , {
                "key": "ГАРАНТИЙНЫЙ СРОК ХРАНЕНИЯ",
                "val": "18 месяца с даты изготовления"
            }
            , {
                "key": "ЦВЕТ",
                "val": "Белый."
            }
        ]
    },
    "colors": []
}
