{
    "title": {
        "title": "Краска интерьерная С-21 ProfiLine"
    },
    "poster": {
        "img": "images/product/tara/original/wd-С21-ProfiLine.png"
    },
    "article": {
        "head": "КРАСКА ДЛЯ СТЕН И ПОТОЛКОВ С-21 PROFI LINE"
        ,
        "annotation": "Краска для стен и потолков обладает необычной бельем, создавая долговечное качественное покрытие. Благодаря многоступенчатой системе контроля сырья, производство обеспечивает постоянную надлежащее качество продукции по доступной цене."
        ,
        "pictographs": [
            {
                "img": "images/opis/Image_405.png",
                "alt": "Белоснежная"
            }
            , {
                "img": "images/opis/Image_406.png",
                "alt": "Не желтеет"
            }
            , {
                "img": "images/opis/Image_407.png",
                "alt": "Легко<br/>наносится"
            }
        ]
        ,
        "property": [
            {
                "key": "Версия для печати",
                "val": "<a href='doc/catalog/wd-C21-ProfiLine_ua.pdf' title='Загрузить версию для печати' target='_blank'><img src='images/document_download4print.png' alt=''/></>"
            }
            , {
                "key": "Санитарно-гигиеническое заключение",
                "val": "<a href='doc/ISO/НД/ФАРБА/Висновок СЕС_Фарба.pdf' title='Загрузить санитарно-гигиеническое заключение' target='_blank'><img src='images/documents_download.png' alt=''>"
            }
            , {
                "key": "ПРИМЕНЕНИЕ",
                "val": "Для внутренних работ"
            }
            , {
                "key": "ТИП ПОВЕРХНОСТИ",
                "val": "Все виды минеральных оснований: цементные, <br/> Цементно-известковые, гипсокартонные, <br/> зашпаклеванные поверхности и обои под покраску"
            }
            , {
                "key": "СВЯЗУЮЩЕЕ",
                "val": "Акриловая дисперсия"
            }
            , {
                "key": "СВОЙСТВА",
                "val": "<ul><li>Образует снежно-белое матовое покрытие</li><li>не желтеет со временем</li><li>Износостойкая и долговечна</li><li>Тиксотропная, легко наносится</li></ul>"
            }
            , {
                "key": "НАЗНАЧЕНИЕ",
                "val": "Рекомендуется для декоративно-защитной окраски стен и потолков внутри помещений, не подвергаются повышенной эксплуатации и не требуют мытья. Краска не препятствует диффузии воздуха, имеет хорошую адгезионную прочность, не желтеет , легка в применении, экологическая и не имеет неприятного запаха. "
            }
            , {
                "key": "ПОДГОТОВКА ПОВЕРХНОСТИ",
                "val": "Перед покраской поверхность очистить от непрочных покрытий, пыли и жира. Обработать акриловой грунтовкой« Спектр С-10 »или« Спектр С-10 Profi Line »"
            }
            , {
                "key": "РАСТВОРИТЕЛЬ",
                "val": "Вода"
            }
            , {
                "key": "ВРЕМЯ ВЫСЫХАНИЯ",
                "val": "1:00 при температуре 20 ° С относительной влажности воздуха 55%"
            }
            , {
                "key": "РАСХОД",
                "val": "Расход краски на однослойное покрытие от 240-260 г/м<sup>2</sup> (5-7 м<sup>2</sup>/л ) в зависимости от типа поверхности и способа нанесения "
            }
            , {
                "key": "НАНЕСЕНИЕ",
                "val": "Кисточка, валик, пульверизатор"
            }
            , {
                "key": "СОСТАВ",
                "val": "Суспензия пигментов и наполнителей в акриловой дисперсии с добавлением вспомогательных веществ"
            }
            , {
                "key": "ГАРАНТИЙНЫЙ СРОК ХРАНЕНИЯ",
                "val": "24 месяца с даты изготовления"
            }
            , {
                "key": "ФАСОВКА",
                "val": "1,4 кг <br/> 4,2 кг <br/> 7,0 кг <br/> 14,0 кг"
            }
            , {
                "key": "УПАКОВКА",
                "val": "1,4 кг по 6 ед. <br/> другая фасовка поштучно"
            }
            , {
                "key": "ЦВЕТ",
                "val": "Белый. Возможна колеровка вручную с помощью колоранты <a href='koloranti.html'>«Colormix»</a>, либо на колеровачних машинах."
            }]
    },
    "colors": [
        "#d48d4f"
                , "#bef43e"
                , "#0c171d"
                , "#5ee5aa"
                , "#4185ed"
                , "#feff4c"
                , "#774a2d"
                , "#fd0a28"
                , "#fbf406"
                , "#fe8c68"
                , "#77843e"
                , "#e0a74e"
                , "#fdac74"
                , "#a08239"
                , "#50de54"
                , "#0026ff"
    ]
}
