{
    "title": {
        "title": "Краска для дорожной разметки"
    },
    "poster": {
        "img": "images/product/tara/640x480/dorozh_razmetka.png"
    },
    "article": {
        "head": "КРАСКА ДЛЯ ДОРОЖНОЙ РАЗМЕТКИ"
        ,
        "annotation": "Специализированная краска для дорожной разметки благодаря ускоренным параметрам высыхания является оптимальным вариантом для нанесения краски на дороги без остановки городского режима жизни"
        ,
        "pictographs": [
            {
                "img": "images/opis/Image_517.png",
                "alt": "Износостойкая"
            }
            , {
                "img": "images/opis/Image_518.png",
                "alt": "Быстосохнущая"
            }
        ]
        ,
        "property": [
            {
                "key": "Версия для печати",
                "val": "<a href='doc/catalog/dorozh-razmet_ua.pdf' title='Загрузить версию для печати' target='_blank'><img src='images/document_download4print.png' alt=''/></>"
            }
            , {
                "key": "Санитарно-гигиеническое заключение",
                "val": "<a href='doc/ISO/НД/ДОРОЖНАЯ РАЗМЕТКА/Висновок СЕС_Разметка дорог.pdf' title='Загрузить санитарно-гигиеническое заключение' target='_blank'><img src='images/documents_download.png' alt=''/></>"
            }
            , {
                "key": "Сертификат соответствия ГП \"ГосдорНИИ\"",
                "val": "<a href='doc/ISO/НД/ДОРОЖНАЯ РАЗМЕТКА/Сертифікат ДержДорНДІ_16.01.19.pdf' title='Загрузить Сертификат соответствия ГП \"ГосдорНИИ\"' target='_blank'><img src='images/documents_download.png' alt=''/></>"
            }
            , {
                "key": "ПРИМЕНЕНИЕ",
                "val": "ДЛЯ ВНЕШНИХ РАБОТ"
            }
            , {
                "key": "ТИП ПОВЕРХНОСТИ",
                "val": "Асфальтовые, асфальтобетонные, бетонные поверхности"
            }
            , {
                "key": "СВЯЗУЮЩЕЕ",
                "val": "Акриловая смесь"
            }
            , {
                "key": "СВОЙСТВА",
                "val": "<ul><li>Высокий порог белья</li><li>Быстросохнущая</li><li>Не реагирует на воду, растворы солей</li><li>Стойкая к истиранию</li></ul>"
            }
            , {
                "key": "НАЗНАЧЕНИЕ",
                "val": "Рекомендована для нанесения горизонтальной транспортной разметки на асфальтобетонное и цементобетонное дорожное полотно автомобильных дорог."
            }
            , {
                "key": "ПОДГОТОВКА ПОВЕРХНОСТИ",
                "val": "Поверхность перед окрашиванием должна быть сухой, чистой (без пыли, песка, масел и других загрязнений), без ям и деформаций. Температура дорожного покрытия, на которое наносят разметку, должна быть в пределах от + 5 ° с до + 45 ° с "
            }
            , {
                "key": "РАСТВОРИТЕЛЬ",
                "val": "Этилацетат, бутилацетат или их смесь"
            }
            , {
                "key": "РАСХОД",
                "val": "Расход краски на однослойное покрытие 460-660 г / м <sup> 2 </ sup>, при толщине мокрого слоя 300-400 мкм"
            }
            , {
                "key": "НАНЕСЕНИЕ",
                "val": "Кисточка, валик, пульверизатор"
            }
            , {
                "key": "СОСТАВ",
                "val": "Акриловая смола, пигменты, наполнители, целевые добавки и растворители"
            }
            , {
                "key": "ГАРАНТИЙНЫЙ СРОК ХРАНЕНИЯ",
                "val": "24 месяца с даты изготовления"
            }
            , {
                "key": "ФАСОВКА",
                "val": "30 кг"
            }
            , {
                "key": "ЦВЕТ",
                "val": "Белый; Спецзаказ цвет по RAL"
            }]
    },
    "colors": []
}
