{
    "title": {
        "title": "Фарба бактерицидна для захисту дерев та кущів"
    },
    "poster": {
        "img": "images/product/tara/original/wd-Derevo.png"
    },
    "article": {
        "head": "ФАРБА БАКТЕРИЦИДНА ДЛЯ ЗАХИСТУ ДЕРЕВ ТА КУЩІВ"
        ,
        "annotation": "Для лікувально-профілактичного фарбування стовбурів, кущів та дерев (плодових та декоративних) з метою захисту від сонячних опіків, дезінфекції стовбура і гілок, знищення збудників хвороби і шкідників. Містить АГРОТЕХНІЧНІ добавки."
        ,
        "pictographs": [
            {
                "img": "images/opis/Image_454.png",
                "alt": "Атмосферостійка"
            },
            {
                "img": "images/opis/Image_455.png",
                "alt": "Екологічна"
            }
        ]
        ,
        "property": [
            {
                "key": "Версія для друку",
                "val": "<a href='doc/catalog/wd-derevo_ua.pdf' title='Завантажити версію для друку' target='_blank'><img src='images/document_download4print.png' alt=''/></>"
            }
            , {
                "key": "Санітарно-гігієнічний висновок",
                "val": "<a href='doc/ISO/НД/ФАРБА/Висновок СЕС_Фарба.pdf' title='Завантажити санітарно-гігієнічний висновок' target='_blank'><img src='images/documents_download.png' alt=''/></>"
            }
            , {
                "key": "ЗАСТОСУВАННЯ",
                "val": "Для зовнішніх робіт"
            }
            , {
                "key": "ОСОБЛИВОСТІ",
                "val": "Фарба садова містить протигрибкові та протимікробні добавки, що перешкоджають проростанню спор мікроорганізмів. Захисне покриття зберігається на поверхні дерев не менше 1 року, може переносити перепади температур від -40 °С до +40 °С. При нанесенні не стікає."
            }
            , {
                "key": "РОЗЧИННИК",
                "val": "Вода"
            }
            , {
                "key": "ЧАС ВИСИХАННЯ",
                "val": "2-4 години при температурі 20 ± 2 °С"
            }
            , {
                "key": "ВИТРАТА",
                "val": "Фарбу наносити пензлем в 1-2 шари. Витрата фарби від 0,2 кг/м<sup>2</sup>."
            }
            , {
                "key": "НАНЕСЕННЯ",
                "val": "Рекомендується наности при сприятливих погодних умовах, підготувати поверхню дерева, очистити від ушкодженої кори і грибків щіткою. Перед використанням фарбу ретельно перемішати та при необхідності розвести водою (5-10% від маси)."
            }
            , {
                "key": "СКЛАД",
                "val": "Вода, полімер, антисептик, протигрибкові та протимікробні добавки."
            }
            , {
                "key": "УМОВИ ЗБЕРІГАННЯ ТА ТРАНСПОРТУВАННЯ",
                "val": "Зберігати та траспортувати при температурі не нижче +5 °С, в щільно закритій тарі."
            }
            , {
                "key": "ЗАПОБІЖНІ ЗАСОБИ",
                "val": "Для захисту рук використовувати гумові рукавиці. При попаданні на шкіру терміново промити теплою водою з милом. Не допускати потрапляння сонячних променів на тару."
            }
            , {
                "key": "ГАРАНТІЙНИЙ ТЕРМІН ЗБЕРІГАННЯ",
                "val": "18 месяці з дати виготовлення"
            }
            , {
                "key": "КОЛІР",
                "val": "Білий."
            }
        ]
    },
    "colors": []
}
