{
    "title": {
        "title": "Фарба фасадна, акрилова С-23 ProfiLine"
    },
    "poster": {
        "img": "images/product/tara/original/wd-С23-Profiline.png"
    },
    "article": {
        "head": "ФАРБА АКРИЛОВА ДЛЯ ФАСАДІВ С-23 PROFI LINE"
        ,
        "annotation": "Фарба для фасадів утворює міцне, довговічне матове покриття. Стійка до агресивних дій довкілля. Завдяки багатоступеневій системі контролю сировини, виробництво забезпечує постійну належну якість продукції за доступною ціною."
        ,
        "pictographs": [
            {
                "img": "images/opis/Image_453.png",
                "alt": "Дозволяє стінам<br/>«дихати»"
            }
            , {
                "img": "images/opis/Image_454.png",
                "alt": "Атмосферостійка"
            }
            , {
                "img": "images/opis/Image_455.png",
                "alt": "Екологічна"
            }
        ]
        ,
        "property": [
            {
                "key": "Версія для друку",
                "val": "<a href='doc/catalog/wd-C23-ProfiLine_ua.pdf' title='Завантажити версію для друку' target='_blank'><img src='images/document_download4print.png' alt=''/></>"
            }
            , {
                "key": "Санітарно-гігієнічний висновок",
                "val": "<a href='doc/ISO/НД/ФАРБА/Висновок СЕС_Фарба.pdf' title='Завантажити санітарно-гігієнічний висновок' target='_blank'><img src='images/documents_download.png' alt=''/></>"
            }
            , {
                "key": "ЗАСТОСУВАННЯ",
                "val": "Для зовнішніх та внутрішніх робіт"
            }
            , {
                "key": "ТИП ПОВЕРХНІ",
                "val": "Всі види мінеральних основ: штукатурка, шпаклівка, цегла, бетон, шлакоблоки, а також гіпсові та дерев’яні основи"
            }
            , {
                "key": "ЗВ’ЯЗУЮЧЕ",
                "val": "Акрилова дисперсія"
            }
            , {
                "key": "ВЛАСТИВОСТІ",
                "val": "<ul><li>Утворює матове покриття</li><li>Атмосферостійка, дозволяє стінам «дихати»</li><li>Довговічна</li><li>Тиксотропна, легко наноситься</li></ul>"
            }
            , {
                "key": "ПРИЗНАЧЕННЯ",
                "val": "Рекомендується для фарбування фасадів житлових, громадських, адміністративних, торговельних, складських будівель і промислових підприємств."
            }
            , {
                "key": "ПІДГОТОВКА ПОВЕРХНІ",
                "val": "Перед фарбуванням очистити від пилу, масляних, жирових та інших забруднень. Дефекти поверхні заштукатурити або зашпаклювати. Для поліпшення адгезії поверхню обробити акриловою ґрунтовкою. «Спектр С-10» або «Спектр С-10 Profi Line»"
            }
            , {
                "key": "РОЗЧИННИК",
                "val": "Вода"
            }
            , {
                "key": "ЧАС ВИСИХАННЯ",
                "val": "1 година при температурі (20 ± 2) °С"
            }
            , {
                "key": "ВИТРАТА",
                "val": "Витрата фарби на одношарове покриття до 8 м<sup>2</sup>/л в залежності від типу поверхні та способу нанесення"
            }
            , {
                "key": "НАНЕСЕННЯ",
                "val": "Пензлик, валик, пульверизатор"
            }
            , {
                "key": "СКЛАД",
                "val": "Суспензія пігментів і наповнювачів в акрилової дисперсії з додаванням допоміжних речовин"
            }
            , {
                "key": "ГАРАНТІЙНИЙ ТЕРМІН ЗБЕРІГАННЯ",
                "val": "24 месяці з дати виготовлення"
            }
            , {
                "key": "ФАСУВАННЯ",
                "val": "1,4 кг<br/>4,2 кг<br/>7,0 кг<br/>14,0 кг"
            }
            , {
                "key": "УПАКОВКА",
                "val": "1,4 кг по 6 од.<br/>інша фасовка поштучно"
            }
            , {
                "key": "КОЛІР",
                "val": "Білий. Можлива колеровка вручну з допомогою колорантів <a href='koloranti.html'>«Colormix»</a>, або на колеровачних машинах."
            }
        ]
    },
    "colors": [
        "#d48d4f"
                , "#bef43e"
                , "#0c171d"
                , "#5ee5aa"
                , "#4185ed"
                , "#feff4c"
                , "#774a2d"
                , "#fd0a28"
                , "#fbf406"
                , "#fe8c68"
                , "#77843e"
                , "#e0a74e"
                , "#fdac74"
                , "#a08239"
                , "#50de54"
                , "#0026ff"
    ]
}
