{
    "title": {
        "title": "Фарба для дорожньої розмітки"
    },
    "poster": {
        "img": "images/product/tara/640x480/dorozh_razmetka.png"
    },
    "article": {
        "head": "ФАРБА ДЛЯ ДОРОЖНЬОЇ РОЗМІТКИ"
        ,
        "annotation": "Спеціалізована фарба для дорожньої розмітки завдяки прискореним параметрам висихання є оптимальним варіантом для нанесення фарби на дороги без зупинки міського режиму життя"
        ,
        "pictographs": [
            {
                "img": "images/opis/Image_517.png",
                "alt": "Зносостійка"
            }
            , {
                "img": "images/opis/Image_518.png",
                "alt": "Швидковисихаюча"
            }
        ]
        ,
        "property": [
            {
                "key": "Версія для друку",
                "val": "<a href='doc/catalog/dorozh-razmet_ua.pdf' title='Завантажити версію для друку' target='_blank'><img src='images/document_download4print.png' alt=''/></>"
            }
            , {
                "key": "Санітарно-гігієнічний висновок",
                "val": "<a href='doc/ISO/НД/ДОРОЖНАЯ РАЗМЕТКА/Висновок СЕС_Разметка дорог.pdf' title='Завантажити санітарно-гігієнічний висновок' target='_blank'><img src='images/documents_download.png' alt=''/></>"
            }
            , {
                "key": "Сертифікат відповідности ДП \"ДерждорДПІ\"",
                "val": "<a href='doc/ISO/НД/ДОРОЖНАЯ РАЗМЕТКА/Сертифікат ДержДорНДІ_16.01.19.pdf' title='Завантажити Сертифікат відповідности ДП \"ДерждорДПІ\"' target='_blank'><img src='images/documents_download.png' alt=''/></>"
            }
            , {
                "key": "ЗАСТОСУВАННЯ",
                "val": "ДЛЯ ЗОВНІШНІХ РОБІТ"
            }
            , {
                "key": "ТИП ПОВЕРХНІ",
                "val": "Асфальтові, асфальтобетонні, бетонні поверхні"
            }
            , {
                "key": "ЗВ’ЯЗУЮЧЕ",
                "val": "Акрилова суміш"
            }
            , {
                "key": "ВЛАСТИВОСТІ",
                "val": "<ul><li>Високий поріг білизни</li><li>Швидковисихаюча</li><li>Не реагує на воду, розчини солей</li><li>Стійка до стирання</li></ul>"
            }
            , {
                "key": "ПРИЗНАЧЕННЯ",
                "val": "Рекомендована для нанесення горизонтальної транспортної розмітки на асфальтобетонне і цементобетонне дорожнє полотно автомобільних доріг."
            }
            , {
                "key": "ПІДГОТОВКА ПОВЕРХНІ",
                "val": "Поверхня перед фарбуванням повинна бути сухою, чистою (без пилу, піску, масел і інших забруднень), без ям і деформацій. Температура дорожнього покриття, на яке наносять розмітку, повинна бути в межах від + 5 ° С до + 45 ° С."
            }
            , {
                "key": "РОЗЧИННИК",
                "val": "Етилацетат, бутилацетат або їх суміш"
            }
            , {
                "key": "ВИТРАТА",
                "val": "Витрата фарби на одношарове покриття 460-660 г/м<sup>2</sup> , при товщині мокрого шару 300-400 мкм"
            }
            , {
                "key": "НАНЕСЕННЯ",
                "val": "Пензлик, валик, пульверизатор"
            }
            , {
                "key": "СКЛАД",
                "val": "Акрилова смола, пігменти, наповнювачі, цільові добавки та розчинники"
            }
            , {
                "key": "ГАРАНТІЙНИЙ ТЕРМІН ЗБЕРІГАННЯ",
                "val": "24 місяці з дати виготовлення"
            }
            , {
                "key": "ФАСУВАННЯ",
                "val": "30 кг"
            }
            , {
                "key": "КОЛІР",
                "val": "Білий; спецзаказ колір по RAL"
            }
        ]
    },
    "colors": []
}
