{
    "title": {
        "title": "Фарба фасадна, акрилова С-24 LuxLine"
    },
    "poster": {
        "img": "images/product/tara/original/wd-С24-Luxline.png"
    },
    "article": {
        "head": "ФАРБА ФАСАДНА LUX LINE С-24 ВОДНО-ДИСПЕРСІЙНА"
        ,
        "annotation": "Високоякісна фасадна фарба lux line С-24 характеризується високою покривною здатністю і відмінною адгезією до поверхні, що фарбується. Входить в лінійку особливо міцних фарб. Завдяки стійким пігментам колір зберігається на довгі роки"
        ,
        "pictographs": [
            {
                "img": "images/opis/Image_190.png",
                "alt": "Атмосферостійка"
            }
            , {
                "img": "images/opis/Image_320.png",
                "alt": "Стійка до<br/>вицвітання"
            }
            , {
                "img": "images/opis/Image_293.png",
                "alt": "Екологічна"
            }
        ]
        ,
        "property": [
            {
                "key": "Версія для друку",
                "val": "<a href='doc/catalog/wd-C24-LuxLine_ua.pdf' title='Завантажити версію для друку' target='_blank'><img src='images/document_download4print.png' alt=''/></>"
            }
            , {
                "key": "Санітарно-гігієнічний висновок",
                "val": "<a href='doc/ISO/НД/ФАРБА/Висновок СЕС_Фарба.pdf' title='Завантажити санітарно-гігієнічний висновок' target='_blank'><img src='images/documents_download.png' alt=''/></>"
            }
            , {
                "key": "ЗАСТОСУВАННЯ",
                "val": "Для зовнішніх та внутрішніх робіт"
            }
            , {
                "key": "ТИП ПОВЕРХНІ",
                "val": "Бетонні плити, цегляна, штукатурні,<br/>Шпаклювальні ділянки, дерев’яні вироби,<br/>Грунтовані металеві конструкції"
            }
            , {
                "key": "ЗВ’ЯЗУЮЧЕ",
                "val": "Акрилова дисперсія"
            }
            , {
                "key": "ВЛАСТИВОСТІ",
                "val": "<ul><li>Утворює високоміцне покриття</li><li>Стійка до атмосферних впливів</li><li>Стійка до вицвітання</li></ul>"
            }
            , {
                "key": "ПРИЗНАЧЕННЯ",
                "val": "Застосовується для фарбування фасадів будівель з будь-яких мінеральних основ (цементна і цементно-вапняна штукатурка, шпаклівка, цегла, бетон, шлакоблок), а також гіпсових основ. Рекомендується для первинного та ремонтного фарбування фасадів житлових, історичних, громадських, адміністративних, торговельних, складських будівель, пам’ятників архітектури, а також для робіт в приморській зоні."
            }
            , {
                "key": "ПІДГОТОВКА ПОВЕРХНІ",
                "val": "Перед фарбуванням поверхню очистити від неміцних покриттів, пилу і жиру. Обробити акриловою ґрунтовкою «Спектр С-10» або «Спектр С-10 Profi Line»"
            }
            , {
                "key": "РОЗЧИННИК",
                "val": "Вода"
            }
            , {
                "key": "ЧАС ВИСИХАННЯ",
                "val": "1 година при температурі +20°С при вологості повітря 55%"
            }
            , {
                "key": "ВИТРАТА",
                "val": "Витрата фарби на одношарове покриття 150-200г/м<sup>2</sup> в залежності від кольору і типу поверхні"
            }
            , {
                "key": "НАНЕСЕННЯ",
                "val": "Пензлик, валик, пульверизатор"
            }
            , {
                "key": "СКЛАД",
                "val": "Суспензія пігментів і наповнювачів в акриловій дисперсії з додаванням допоміжних речовин"
            }
            , {
                "key": "ГАРАНТІЙНИЙ ТЕРМІН ЗБЕРІГАННЯ",
                "val": "24 месяці з дати виготовлення"
            }
            , {
                "key": "ФАСУВАННЯ",
                "val": "1,4 кг<br/>4,2 кг<br/>7,0 кг<br/>14,0 кг"
            }
            , {
                "key": "УПАКОВКА",
                "val": "1,4 кг по 6 од.<br/>інша фасовка поштучно"
            }
            , {
                "key": "КОЛІР",
                "val": "Білий. Можлива колеровка вручну з допомогою колорантів <a href='koloranti.html'>«Colormix»</a>, або на колеровачних машинах."
            }
        ]
    },
    "colors": [
        "#d48d4f"
                , "#bef43e"
                , "#0c171d"
                , "#5ee5aa"
                , "#4185ed"
                , "#feff4c"
                , "#774a2d"
                , "#fd0a28"
                , "#fbf406"
                , "#fe8c68"
                , "#77843e"
                , "#e0a74e"
                , "#fdac74"
                , "#a08239"
                , "#50de54"
                , "#0026ff"
    ]
}
