{
    "title": {
        "title": "Грунт глубокого проникновения С-10 концентрат 1:4"
    },
    "poster": {
        "img": "images/product/tara/original/grunt-wd-1-k-4.png"
    },
    "article": {
        "head": "Грунт глубокого проникновения С-10 концентрат 1:4"
        ,
        "annotation": "Концентрированная Груновка глубокого проникновения С - 10 концентрат 1: 4 укрепляет основание покрытия и увеличивает адгезию строительных материалов с основаниями."
        ,
        "pictographs": [
            {
                "img": "images/opis/Image_383.png",
                "alt": "Укрепляет основание <br/> покрытия"
            }
            , {
                "img": "images/opis/Image_384.png",
                "alt": "Отличная адгезия <br/> с основой"
            }
            , {
                "img": "images/opis/Image_385.png",
                "alt": "Экономическая в <br/> использовании"
            }
        ]
        ,
        "property": [
            {
                "key": "Версия для печати",
                "val": "<a href='doc/catalog/wd-grunt-C10-koncentrat_ua.pdf' title='Загрузить версию для печати' target='_blank'><img src='images/document_download4print.png' alt=''/></>"
            }
            , {
                "key": "Санитарно-гигиеническое заключение",
                "val": "<a href='doc/ISO/НД/ФАРБА/Висновок СЕС_Фарба.pdf' title='Загрузить санитарно-гигиеническое заключение' target='_blank'><img src='images/documents_download.png' alt=''>"
            }
            , {
                "key": "ПРИМЕНЕНИЕ",
                "val": "Для наружных и внутренних работ"
            }
            , {
                "key": "ТИП ПОВЕРХНОСТИ",
                "val": "Все виды минеральных оснований: цементные, цементно-известковые, гипсокартонные, зашпаклеванные поверхности и обои под покраску"
            }
            , {
                "key": "СВЯЗУЮЩЕЕ",
                "val": "Акриловая дисперсия"
            }
            , {
                "key": "СВОЙСТВА",
                "val": "<ul><li>Глубоко проникает и укрепляет основание покрытия</li><li>Увеличивает адгезию строительных материалов с основами</li><li>Снижает расход красок, увеличивает срок службы комплексного лакокрасочного покрытия</li></ul>"
            }
            , {
                "key": "НАЗНАЧЕНИЕ",
                "val": "Рекомендуется для улучшения адгезии и выравнивания впитывающей способности различных поверхностей (кроме металлических) перед проведением отделочных и покрасочных работ, наклеиванием обоев, кафеля, паркета, напольных покрытий внутри и снаружи помещений"
            }
            , {
                "key": "ПОДГОТОВКА ПОВЕРХНОСТИ",
                "val": "Перед покраской очистить от непрочных покрытий, пыли, масляных, жировых и других загрязнений"
            }
            , {
                "key": "РАСТВОРИТЕЛЬ",
                "val": "Для поверхностей со слабой или средней впитывающей необходимо разбавление водой в пропорции 1: 1. Для сильно впитывающих поверхностей разбавление не рекомендуется"
            }
            , {
                "key": "ВРЕМЯ ВЫСЫХАНИЯ",
                "val": "1:00 при температуре (20 ± 2) ° С"
            }
            , {
                "key": "РАСХОД",
                "val": "Расход грунта на однослойное покрытие 100-200г/м<sup>2</sup> в зависимости от цвета и типа поверхности"
            }
            , {
                "key": "НАНЕСЕНИЕ",
                "val": "Кисточка, валик"
            }
            , {
                "key": "СОСТАВ",
                "val": "Акриловая дисперсия с добавлением вспомогательных веществ"
            }
            , {
                "key": "ГАРАНТИЙНЫЙ СРОК ХРАНЕНИЯ",
                "val": "24 месяца с даты изготовления"
            }
            , {
                "key": "ФАСОВКА",
                "val": "1,0 л <br/> 5,0 л"
            }
            , {
                "key": "УПАКОВКА",
                "val": "1,0 л по 15 ед. <br/> 5,0 л - поштучно"
            }]
    },
    "colors": [
        "#ffffff"
    ]
}
