{
    "title": {
        "title": "АНТИКОРОЗІЙНА ШВИДКОСОХНУЧА ҐРУНТІВКА"
    },
    "poster": {
        "img": "images/product/tara/original/grunt-gf-premium.png"
    },
    "article": {
        "head": "АНТИКОРОЗІЙНА ШВИДКОСОХНУЧА ҐРУНТОВКА",
        "annotation": "Антикорозійна швидкосохнуча ґрунтовка являє собою сучасний грунтовний склад, який за лічені хвилини утворює міцну основу, надійно захищену від корозії та атмосферного впливу на поверхню. Завдяки якісним компонентам і швидкому часу висихання, ідеальна для ґрунтування металевих поверхонь автотранспортних засобів",
        "pictographs": [
            {
                "img": "images/opis/Image_055.png",
                "alt": "Легко<br/>шліфується"
            }
            , {
                "img": "images/opis/Image_053.png",
                "alt": "Захист<br/>від корозії"
            }
            , {
                "img": "images/opis/Image_054.png",
                "alt": "Швидкосохнуча"
            }
        ]
        ,
        "property": [
            {
                "key": "Версія для друку",
                "val": "<a href='doc/catalog/grunt-premium_ua.pdf' title='Завантажити версію для друку' target='_blank'><img src='images/document_download4print.png' alt=''/></>"
            }
            , {
                "key": "Санітарно-гігієнічний висновок",
                "val": "<a href='doc/ISO/НД/ЕМАЛЬ 3 в 1/ЕМАЛЬ 3 в 1.pdf' title='Завантажити санітарно-гігієнічний висновок' target='_blank'><img src='images/documents_download.png' alt=''/></>"
            }
            , {
                "key": "ЗАСТОСУВАННЯ",
                "val": "Для внутрішніх та зовнішніх робіт"
            }
            , {
                "key": "ТИП ПОВЕРХНІ",
                "val": "Метал, дерево, бетон"
            }
            , {
                "key": "ЗВ’ЯЗУЮЧЕ",
                "val": "Алкідний лак модифікований"
            }
            , {
                "key": "ВЛАСТИВОСТІ",
                "val": "<ul><li>Швидкосохнуча</li><li>Атмосферостійка</li><li>Антикорозійна</li><li>Легко наноситься</li></ul>"
            }
            , {
                "key": "ПРИЗНАЧЕННЯ",
                "val": "Рекомендована для захисного грунтування металоконструкцій, металевих частин транспортних засобів, сільськогосподарської техніки, рухомого складу на міському та залізничному транспорті, гаражів та ін."
            }
            , {
                "key": "ПІДГОТОВКА ПОВЕРХНІ",
                "val": "Перед ґрунтуванням поверхню необхідно обробити шліфувальною штукатуркою і знежирити розчинником, поверхня перед нанесенням грунтовки повинна бути сухою і чистою."
            }
            , {
                "key": "РОЗЧИННИК",
                "val": "Сольвент, ксилол"
            }
            , {
                "key": "ЧАС ВИСИХАННЯ",
                "val": "Час висихання кожного шару 30 хвилин"
            }
            , {
                "key": "ВИТРАТА",
                "val": "Витрата емалі на одношарове покриття 60-100 г/м<sup>2</sup> в залежності від типу поверхні та способу нанесення"
            }
            , {
                "key": "НАНЕСЕННЯ",
                "val": "Пензлик, занурення, струменевий облив, пневматичне і безповітряне розпорошення, розпорошення в електричне поле"
            }
            , {
                "key": "СКЛАД",
                "val": "На основі модифікованої алкідної смоли, пігментів, антикорозійних і функціональних добавок"
            }
            , {
                "key": "ГАРАНТІЙНИЙ ТЕРМІН ЗБЕРІГАННЯ",
                "val": "24 місяці з дати виготовлення"
            }
            , {
                "key": "ФАСУВАННЯ",
                "val": "0,9 кг<br/>3,0 кг<br/>50,0 кг (спецзамовлення)"
            }
            , {
                "key": "УПАКОВКА",
                "val": "0,9 кг по 12 од.; 3,0 кг по 6 од."
            }
            , {
                "key": "Примітка",
                "val": "Виробництво білого та чорного кольорів тільки за спеціальним замовленням від 1 тони."
            }
        ]
    },
    "colors": ["#FFFFFF","#808080","#800000","#000000"]
}
