{
    "title": {
        "title": "АНТИКОРРОЗИОННАЯ БЫСТРОСОХНУЩИЕ ГРУНТОВКА"
    },
    "poster": {
        "img": "images/product/tara/original/grunt-gf-premium.png"
    },
    "article": {
        "head": "АНТИКОРРОЗИОННАЯ БЫСТРОСОХНУЩИЕ ГРУНТОВКА",
        "annotation": "Антикоррозийная быстросохнущая грунтовка представляет собой современный основательный состав, который за считанные минуты образует прочную основу, надежно защищенную от коррозии и атмосферным воздействиям на поверхность. Благодаря качественным компонентам и быстрому времени высыхания, идеальна для грунтования металлических поверхностей автотранспортных средств",
        "pictographs": [
            {
                "img": "images/opis/Image_055.png",
                "alt": "Легко<br/>шлифуется"
            }
            , {
                "img": "images/opis/Image_053.png",
                "alt": "Защита<br/>от коррозии"
            }
            , {
                "img": "images/opis/Image_054.png",
                "alt": "Быстросохнущая"
            }
        ]
        ,
        "property": [
            {
                "key": "Версия для печати",
                "val": "<a href='doc/catalog/grunt-premium_ua.pdf' title='Загрузить версию для печати' target='_blank'><img src='images/document_download4print.png' alt=''/></>"
            }
            , {
                "key": "Санитарно-гигиеническое заключение",
                "val": "<a href='doc/ISO/НД/ЕМАЛЬ 3 в 1/ЕМАЛЬ 3 в 1.pdf' title='Загрузить санитарно-гигиеническое заключение' target='_blank'><img src='images/documents_download.png' alt=''/></>"
            }
            , {
                "key": "ПРИМЕНЕНИЕ",
                "val": "Для внутренних и наружных работ"
            }
            , {
                "key": "ТИП ПОВЕРХНОСТИ",
                "val": "Металл, дерево, бетон"
            }
            , {
                "key": "СВЯЗУЮЩЕЕ",
                "val": "Алкидний лак модифицированный"
            }
            , {
                "key": "СВОЙСТВА",
                "val": "<ul><li>Быстросохнущая</li><li>Атмосферостойкая</li><li>Антикоррозийная</li><li>Легко наносится</li></ul>"
            }
            , {
                "key": "НАЗНАЧЕНИЕ",
                "val": "Рекомендуется для защитного грунтования металлоконструкций, металлических частей транспортных средств, сельскохозяйственной техники, подвижного состава на городском и железнодорожном транспорте, гаражей и др."
            }
            , {
                "key": "ПОДГОТОВКА ПОВЕРХНОСТИ",
                "val": "Перед грунтовкой поверхность необходимо обработать шлифовальной штукатуркой и обезжирить растворителем, поверхность перед нанесением грунтовки должна быть сухой и чистой."
            }
            , {
                "key": "РАСТВОРИТЕЛЬ",
                "val": "Сольвент, ксилол"
            }
            , {
                "key": "ВРЕМЯ ВЫСЫХАНИЯ",
                "val": "Время высыхания каждого слоя 30 минут"
            }
            , {
                "key": "РАСХОД",
                "val": "Расход эмали на однослойное покрытие 60-100 г/м<sup>2</sup> в зависимости от типа поверхности и способа нанесения"
            }
            , {
                "key": "НАНЕСЕНИЕ",
                "val": "Кисточка, погружение, струйный облил, пневматическое и безвоздушное распыление, распыление в электрическое поле"
            }
            , {
                "key": "СОСТАВ",
                "val": "На основе модифицированной алкидной смолы, пигментов, антикоррозионных и функциональных добавок"
            }
            , {
                "key": "ГАРАНТИЙНЫЙ СРОК ХРАНЕНИЯ",
                "val": "24 месяца с даты изготовления"
            }
            , {
                "key": "ФАСОВКА",
                "val": "0,9 кг<br/>3,0 кг<br/>50,0 кг (спецзаказ)"
            }
            , {
                "key": "УПАКОВКА",
                "val": "0,9 кг по 12 ед.; 3,0 кг по 6 ед."
            }
            , {
                "key": "Примечание",
                "val": "Производство белого и черного цветов только по специальному заказу от 1 тонны."
            }
        ]
    },
    "colors": ["#FFFFFF","#808080","#800000","#000000"]
}
