{
    "title": {
        "title": "Ґрунтовка глибокого проникнення С-10 ProfiLine"
    },
    "poster": {
        "img": "images/product/tara/original/grunt-wd-Profiline_primer.png"
    },
    "article": {
        "head": "Ґрунтовка глибокого проникнення С-10 ProfiLine"
        ,
        "annotation": "Готовий до застосування, водорозчинний, зміцнює, акриловий грунтувальний склад глибокого проникнення. Надійно зміцнює поверхню, готуючи її до фарбувальних та інших декоративних робіт."
        ,
        "pictographs": [
            {
                "img": "images/opis/Image_476.png",
                "alt": "Проникає<br/>в поверхню<br/>до 5 мм"
            }
            , {
                "img": "images/opis/Image_477.png",
                "alt": "Ефективне<br/>зміцнення<br/>з основою"
            }
            , {
                "img": "images/opis/Image_478.png",
                "alt": "Знижує<br/>витрату фарби<br/>до 30%"
            }
        ]
        ,
        "property": [
            {
                "key": "Версія для друку",
                "val": "<a href='doc/catalog/wd-grunt-C10-ProfiLine_ua.pdf' title='Завантажити версію для друку' target='_blank'><img src='images/document_download4print.png' alt=''/></>"
            }
            , {
                "key": "Санітарно-гігієнічний висновок",
                "val": "<a href='doc/ISO/НД/ФАРБА/Висновок СЕС_Фарба.pdf' title='Завантажити санітарно-гігієнічний висновок' target='_blank'><img src='images/documents_download.png' alt=''/></>"
            }
            , {
                "key": "ЗАСТОСУВАННЯ",
                "val": "Для внутрішніх та зовнішніх робіт"
            }
            , {
                "key": "ТИП ПОВЕРХНІ",
                "val": "Всі види мінеральних основ: цементні, цементно-вапняні, гіпсокартонні, зашпатльовані поверхні і шпалери під фарбування"
            }
            , {
                "key": "ЗВ’ЯЗУЮЧЕ",
                "val": "Акрилова дисперсія"
            }
            , {
                "key": "ВЛАСТИВОСТІ",
                "val": "<li>Глибоко проникає та зміцнює основу покриття</li><li>Вирівнює водопоглинання поверхні</li><li>Забезпечує антисептичний захист</li><li>Збільшує адгезію будівельних матеріалів з основами</li><li>Знижує витрату фарб, збільшує термін служби комплексного лакофарбового покриття</li>"
            }
            , {
                "key": "ПРИЗНАЧЕННЯ",
                "val": "Рекомендується для глибокого проникнення та зміцнення слабких і рихлих мінеральних поверхонь (цегла, бетон, цементні, цементно-вапняні штукатурки та інші пористі матеріали)"
            }
            , {
                "key": "ПІДГОТОВКА ПОВЕРХНІ",
                "val": "Перед фарбуванням основа повинна бути очищеною від масляних, бітумних та інших забруднень, крейдяних, вапняних побілок та інших речовин. Існуючі висоли, неміцні та забруднені місця зачистити металевою щіткою (шпателем), машинним способом і знепилити, не допускаючи вологої обробки поверхні"
            }
            , {
                "key": "ВИТРАТА",
                "val": "Витрата грунту на одношарове покриття 80 - 200 г/м2 в залежності від типу поверхні та способу нанесення"
            }
            , {
                "key": "НАНЕСЕННЯ",
                "val": "Пензлик, валик"
            }
            , {
                "key": "СКЛАД",
                "val": "Акрилова дисперсія з додаванням допоміжних речовин"
            }
            , {
                "key": "ГАРАНТІЙНИЙ ТЕРМІН ЗБЕРІГАННЯ",
                "val": "24 місяці з дати виготовлення"
            }
            , {
                "key": "ФАСУВАННЯ",
                "val": "5,0 л<br/>10,0 л"
            }
            , {
                "key": "УПАКОВКА",
                "val": "Поштучно"
            }
        ]
    },
    "colors": [
        "#ffffff"
    ]
}
