{
    "title": {
        "title": "Грунтовка адгезионная кварцевая"
    },
    "poster": {
        "img": "images/product/tara/original/grunt-wd-kvarc.png"
    },
    "article": {
        "head": "ГРУНТОВКА АДГЕЗИОННАЯ КВАРЦЕВАЯ",
        "annotation": "Кварцевая акриловая грунтовка обладает хорошими физико-химическими характеристиками, которые улучшают сцепление основы и лакокрасочного материала.",
        "pictographs": [
            {
                "img": "images/opis/Image_477.png",
                "alt": "Эффективное<br/>укрепления<br/>с основой"
            },
            {
                "img": "images/opis/Image_478.png",
                "alt": "Снижает<br/>расход краски"
            }
        ]
        ,
        "property": [
            {
                "key": "Версия для печати",
                "val": "<a href='doc/catalog/wd-grunt-kvarc_ua.pdf' title='Загрузить версию для печати' target='_blank'><img src='images/document_download4print.png' alt=''/></>"
            }
            , {
                "key": "Санитарно-гигиеническое заключение",
                "val": "<a href='doc/ISO/НД/ФАРБА/Висновок СЕС_Фарба.pdf' title='Загрузить санитарно-гигиеническое заключение' target='_blank'><img src='images/documents_download.png' alt=''>"
            }
            , {
                "key": "ПРИМЕНЕНИЕ",
                "val": "Для наружных и внутренних работ"
            }
            , {
                "key": "ТИП ПОВЕРХНОСТИ",
                "val": "Все виды минеральных оснований: цементные, цементно-известковые, гипсокартонные, зашпаклеванные поверхности и обои под покраску"
            }
            , {
                "key": "СВЯЗУЮЩЕЕ",
                "val": "Акриловая дисперсия"
            }
            , {
                "key": "ВЛАСТИВОСТІ",
                "val": "<ul><li>быстро сохнет</li><li>обладает отличной паропроницаемостью</li><li>влагостойкая и износостойкая</li><li>улучшает адгезию лакокрасочного материала к поверхности</li><li>укрепляет основание</li></ul>"
            }
            , {
                "key": "НАЗНАЧЕНИЕ",
                "val": "Подготовка поверхности перед обработкой разными типами штукатурок. Применяется для наружных и внутренних работ. Кварцевый наполнитель улучшает  адгезию  отделочных покрытий с  основанием. При необходимости допускается колеровка под тон штукатурного раствора."
            }
            , {
                "key": "ПОДГОТОВКА ПОВЕРХНОСТИ",
                "val": "Перед применением тщательно перемешать. Поверхность, предназначенная для покраски должна быть сухой, без пыли и жирных загрязнений. Перед проведением окрасочных работ старое покрытие из клеевых и известковых красок, а также непрочно держащееся старое покрытие необходимо удалить"
            }
            , {
                "key": "РАСТВОРИТЕЛЬ",
                "val": "Вода"
            }
            , {
                "key": "ВРЕМЯ ВЫСЫХАНИЯ",
                "val": "1 час при температуре +20°С при влажности воздуха 55%"
            }
            , {
                "key": "РАСХОД",
                "val": "Расход на однослойное покрытие 200-250/м<sup>2</sup> в зависимости от типа поверхности"
            }
            , {
                "key": "НАНЕСЕНИЕ",
                "val": "Кисточка, валик, пульверизатор"
            }
            , {
                "key": "СОСТАВ",
                "val": "Суспензия пигментов и  кварцевых наполнителей в акриловой дисперсии с добавлением вспомогательных веществ"
            }
            , {
                "key": "ГАРАНТИЙНИЙ СРОК ХРАНЕНИЯ",
                "val": "24 месяца с даты изготовления"
            }
            , {
                "key": "ФАСОВКА",
                "val": "14,0 кг"
            }
            , {
                "key": "УПАКОВКА",
                "val": "Поштучно"
            }
        ]
    },
    "colors": []
}
