{
    "title": {
        "title": "Грунтовка ГФ-021 антикорозионная"
    },
    "poster": {
        "img": "images/product/tara/original/grunt-gf-021C.png"
    },
    "article": {
        "head": "Грунтовка ГФ-021 антикорозионная"
        ,
        "annotation": "Органорастворимая защитная алкидная грунтовка для металлических поверхностей"
        ,
        "pictographs": [
            {
                "img": "images/opis/Image_136.png",
                "alt": "Прямо на ржавчину"
            }
            , {
                "img": "images/opis/Image_137.png",
                "alt": "Хорошо <br/> шлифуется"
            }
            , {
                "img": "images/opis/Image_138.png",
                "alt": "Уменьшает расход <br/> эмали"
            }
        ]
        ,
        "property": [
            {
                "key": "Версия для печати",
                "val": "<a href='doc/catalog/grunt-GF-021-standart_ua.pdf' title='Загрузить версию для печати' target='_blank'><img src='images/document_download4print.png' alt=''/></>"
            }
            , {
                "key": "Санитарно-гигиеническое заключение",
                "val": "<a href='doc/ISO/НД/ГФ-021/Висновок СЕС ГФ 021С.pdf' title='Загрузить санитарно-гигиеническое заключение' target='_blank'><img src='images/documents_download.png' alt=''/></>"
            }
            , {
                "key": "ПРИМЕНЕНИЕ",
                "val": "Для внутренних и наружных работ"
            }
            , {
                "key": "ТИП ПОВЕРХНОСТИ",
                "val": "Металл, дерево, бетон"
            }
            , {
                "key": "СВЯЗУЮЩЕЕ",
                "val": "Алкидный лак"
            }
            , {
                "key": "СВОЙСТВА",
                "val": "<ul><li>Увеличивает срок службы покрытия</li><li>Защищает металл от коррозии и агрессивных факторов</li><li>Покрытие обладает высокой прочностью и хорошо шлифуется</li><li>Долговечная, атмосферостойкая</li></ul>"
            }
            , {
                "key": "НАЗНАЧЕНИЕ",
                "val": "Рекомендуется для грунтования металлических поверхностей, подверженных незначительной коррозии, а также для грунтования деревянных поверхностей."
            }
            , {
                "key": "ПОДГОТОВКА ПОВЕРХНОСТИ",
                "val": "Перед применением грунтовку тщательно перемешать, при необходимости добавить уайт-спирит. Окрашенные поверхности должны быть чистыми и сухими. Ранее окрашенные поверхности очистить от грязи и лишнего наслоения, зашлифовать"
            }
            , {
                "key": "РАСТВОРИТЕЛЬ",
                "val": "Уайтспирит"
            }
            , {
                "key": "ВРЕМЯ ВЫСЫХАНИЯ",
                "val": "Время высыхания каждого слоя грунтовки 24 часа при температуре (20 ± 2) ° С"
            }
            , {
                "key": "РАСХОД",
                "val": "Расход грунта на однослойное покрытие 60 - 100 г/м<sup>2</sup> в зависимости от цвета и типа поверхности"
            }
            , {
                "key": "НАНЕСЕНИЕ",
                "val": "Распыление, погружение, кисточка, струйный облил"
            }
            , {
                "key": "СОСТАВ",
                "val": "Суспензия пигментов и наполнителей в алкидно лаке с добавлением растворителей, сиккатива и функциональных добавок"
            }
            , {
                "key": "ГАРАНТИЙНЫЙ СРОК ХРАНЕНИЯ",
                "val": "24 месяца с даты изготовления"
            }
            , {
                "key": "ФАСОВКА",
                "val": "0,9 кг <br/> 2,8 кг <br/> 50,0 кг"
            }
            , {
                "key": "УПАКОВКА",
                "val": "0,9 кг по 12 ед. <br/> 2,8 кг по 6 ед."
            }]
    },
    "colors": [
        "#9b9b9b"
                , "#a53a2d"
                , "#0e0e10"
                , "#ffffff"
    ]
}
