{
    "title": {
        "title": "Грунтовка ГФ-021 антикорозійна"
    },
    "poster": {
        "img": "images/product/tara/original/grunt-gf-021C.png"
    },
    "article": {
        "head": "Грунтовка ГФ-021 антикорозійна"
        ,
        "annotation": "Органорозчинна захисна алкідна грунтовка для металевих поверхонь"
        ,
        "pictographs": [
            {
                "img": "images/opis/Image_136.png",
                "alt": "Прямо на іржу"
            }
            , {
                "img": "images/opis/Image_137.png",
                "alt": "Добре<br/>шліфується"
            }
            , {
                "img": "images/opis/Image_138.png",
                "alt": "Зменшує витрату<br/>емалі"
            }
        ]
        ,
        "property": [
            {
                "key": "Версія для друку",
                "val": "<a href='doc/catalog/grunt-GF-021-standart_ua.pdf' title='Завантажити версію для друку' target='_blank'><img src='images/document_download4print.png' alt=''/></>"
            }
            , {
                "key": "Санітарно-гігієнічний висновок",
                "val": "<a href='doc/ISO/НД/ГФ-021/Висновок СЕС ГФ 021С.pdf' title='Завантажити санітарно-гігієнічний висновок' target='_blank'><img src='images/documents_download.png' alt=''/></>"
            },
            {
                "key": "ЗАСТОСУВАННЯ",
                "val": "Для внутрішніх та зовнішніх робіт"
            }
            , {
                "key": "ТИП ПОВЕРХНІ",
                "val": "Метал, дерево, бетон"
            }
            , {
                "key": "ЗВ’ЯЗУЮЧЕ",
                "val": "Алкідний лак"
            }
            , {
                "key": "ВЛАСТИВОСТІ",
                "val": "<ul><li>Збільшує термін служби покриття</li><li>Захищає метал від корозії і агресивних чинників</li><li>Покриття має високу міцність і добре шліфується</li><li>Довговічна, атмосферостійка</li></ul>"
            }
            , {
                "key": "ПРИЗНАЧЕННЯ",
                "val": "Рекомендована для грунтування металевих поверхонь, схильних до незначної корозії, а також для грунтування дерев’яних поверхонь."
            }
            , {
                "key": "ПІДГОТОВКА ПОВЕРХНІ",
                "val": "Перед застосуванням грунтовку ретельно перемішати, при необхідності додати уайт-спірит. Пофарбовані поверхні повинні бути чисті та сухі. Раніше пофарбовані поверхні очистити від бруду та зайвого нашарування, зашліфувати"
            }
            , {
                "key": "РОЗЧИННИК",
                "val": "Уайтспірит"
            }
            , {
                "key": "ЧАС ВИСИХАННЯ",
                "val": "Час висихання кожного шару грунтовки 24 години, при температурі (20 ± 2) °С"
            }
            , {
                "key": "ВИТРАТА",
                "val": "Витрата грунту на одношарове покриття 60 - 100 г/м 2 в залежності від кольору і типу поверхні"
            }
            , {
                "key": "НАНЕСЕННЯ",
                "val": "Розпилення, занурення, пензлик, струменевий облив"
            }
            , {
                "key": "СКЛАД",
                "val": "Суспензія пігментів і наповнювачів в алкідному лаці з додаванням розчинників, сикативу і функціональних добавок"
            }
            , {
                "key": "ГАРАНТІЙНИЙ ТЕРМІН ЗБЕРІГАННЯ",
                "val": "24 місяці з дати виготовлення"
            }
            , {
                "key": "ФАСУВАННЯ",
                "val": "0,9 кг<br/>2,8 кг<br/>50,0 кг"
            }
            , {
                "key": "УПАКОВКА",
                "val": "0,9 кг по 12 од. <br/>2,8 кг по 6 од."
            }
        ]
    },
    "colors": [
        "#9b9b9b"
                , "#a53a2d"
                , "#0e0e10"
                , "#ffffff"
    ]
}
