{
    "title": {
        "title": "Грунтовка адгезійна кварцова"
    },
    "poster": {
        "img": "images/product/tara/original/grunt-wd-kvarc.png"
    },
    "article": {
        "head": "ГРУНТОВКА АДГЕЗІЙНА КВАРЦОВА",
        "annotation": "Кварцова акрилова грунтовка володіє хорошими фізико-хімічними характеристиками, які покращують зчеплення основи і лакофарбового матеріалу.",
        "pictographs": [
            {
                "img": "images/opis/Image_477.png",
                "alt": "Ефективне<br/>зміцнення<br/>з основою"
            },
            {
                "img": "images/opis/Image_478.png",
                "alt": "Знижує<br/>витрату фарби"
            }
        ]
        ,
        "property": [
            {
                "key": "Версія для друку",
                "val": "<a href='doc/catalog/wd-grunt-kvarc_ua.pdf' title='Завантажити версію для друку' target='_blank'><img src='images/document_download4print.png' alt=''/></>"
            }
            , {
                "key": "Санітарно-гігієнічний висновок",
                "val": "<a href='doc/ISO/НД/ФАРБА/Висновок СЕС_Фарба.pdf' title='Завантажити санітарно-гігієнічний висновок' target='_blank'><img src='images/documents_download.png' alt=''/></>"
            }
            , {
                "key": "ЗАСТОСУВАННЯ",
                "val": "Для зовнішніх і внутрішніх робіт"
            }
            , {
                "key": "ТИП ПОВЕРХНІ",
                "val": "Всі види мінеральних основ: цементні, цементно-вапняні, гіпсокартонні, зашпатльовані поверхні і шпалери під фарбування"
            }
            , {
                "key": "ЗВ’ЯЗУЮЧЕ",
                "val": "Акрилова дисперсія"
            }
            , {
                "key": "ВЛАСТИВОСТІ",
                "val": "<ul><li>швидко сохне</li><li>має відмінну паропроникністю</li><li>вологостійка і зносостійка</li><li>покращує адгезію лакофарбового матеріалу до поверхні</li><li>зміцнює основу</li></ul>"
            }
            , {
                "key": "ПРИЗНАЧЕННЯ",
                "val": "Підготовка поверхні перед обробкою різними типами штукатурок. Застосовується для зовнішніх і внутрішніх робіт. Кварцовий наповнювач покращує адгезію оздоблювальних покриттів з основою. При необхідності допускається колеровка під тон штукатурного розчину."
            }
            , {
                "key": "ПІДГОТОВКА ПОВЕРХНІ",
                "val": "Перед застосуванням ретельно перемішати. Поверхня, призначена для фарбування повинна бути сухою, без пилу і жирних забруднень. Перед проведенням фарбувальних робіт старе покриття з клейових або вапняних фарб, а також неміцно тримається старе покриття необхідно видалити."
            }
            , {
                "key": "РОЗЧИННИК",
                "val": "Вода"
            }
            , {
                "key": "ЧАС ВИСИХАННЯ",
                "val": "1 година при температурі +20°С при вологості повітря 55%"
            }
            , {
                "key": "ВИТРАТА",
                "val": "Витрата на одношарове покриття 200-250г/м<sup>2</sup> в залежності від типу поверхні"
            }
            , {
                "key": "НАНЕСЕННЯ",
                "val": "Пензлик, валик, пульверизатор"
            }
            , {
                "key": "СКЛАД",
                "val": "Суспензія пігментів і наповнювачів в акриловій дисперсії з додаванням допоміжних речовин"
            }
            , {
                "key": "ГАРАНТІЙНИЙ ТЕРМІН ЗБЕРІГАННЯ",
                "val": "24 месяці з дати виготовлення"
            }
            , {
                "key": "ФАСУВАННЯ",
                "val": "14,0 кг"
            }
            , {
                "key": "УПАКОВКА",
                "val": "Поштучно"
            }
        ]
    },
    "colors": []
}
