{
    "title": {
        "title": "Грунт глубокого проникновения С-10"
    },
    "poster": {
        "img": "images/product/tara/original/grunt-wd-c10-5l.png"
    },
    "article": {
        "head": "Грунт глубокого проникновения С-10"
        ,
        "annotation": "Грунт глубокого проникновения С-10"
        ,
        "pictographs": [
            {
                "img": "images/opis/Image_338.png",
                "alt": "Защищает от появления <br/> грибков"
            }
            , {
                "img": "images/opis/Image_339.png",
                "alt": "Снижает расход <br/> отделочных <br/> материалов"
            }
            , {
                "img": "images/opis/Image_340.png",
                "alt": "Высокая степень <br/> паропроницаемости"
            }
        ]
        ,
        "property": [
            {
                "key": "Версия для печати",
                "val": "<a href='doc/catalog/wd-grunt-C10_ua.pdf' title='Загрузить версию для печати' target='_blank'><img src='images/document_download4print.png' alt=''/></>"
            }
            , {
                "key": "Санитарно-гигиеническое заключение",
                "val": "<a href='doc/ISO/НД/ФАРБА/Висновок СЕС_Фарба.pdf' title='Загрузить санитарно-гигиеническое заключение' target='_blank'><img src='images/documents_download.png' alt=''>"
            }
            , {
                "key": "ПРИМЕНЕНИЕ",
                "val": "Для наружных и внутренних работ"
            }
            , {
                "key": "ТИП ПОВЕРХНОСТИ",
                "val": "Все виды минеральных оснований: цементные, цементно-известковые, гипсокартонные, зашпаклеванные поверхности и обои под покраску"
            }
            , {
                "key": "СВЯЗУЮЩЕЕ",
                "val": "Акриловая дисперсия"
            }
            , {
                "key": "СВОЙСТВА",
                "val": "<ul><li>Сцепка отделочный материал и поверхность</li><li>Снижает расход финишного покрытия</li><li>Высокая степень водостойкости и паропроницаемости</li></ul>"
            }
            , {
                "key": "НАЗНАЧЕНИЕ",
                "val": "Рекомендуется для пористых поверхностей бетона, штукатурки, кирпичной кладки"
            }
            , {
                "key": "ПОДГОТОВКА ПОВЕРХНОСТИ",
                "val": "Перед покраской очистить рабочую поверхность от непрочных покрытий, пыли, меловых и известковых побелок, масляных, жировых и других загрязнений. Непрочные и загрязненные места зачистить машинным способом, шпателем или металлической щеткой и обеспылить (шпателем), машинным способом, не допуская влажной обработки поверхности "
            }
            , {
                "key": "РАСТВОРИТЕЛЬ",
                "val": "Разбавление не рекомендуется"
            }
            , {
                "key": "ВРЕМЯ ВЫСЫХАНИЯ",
                "val": "1:00 при температуре (20 ± 2) ° С"
            }
            , {
                "key": "РАСХОД",
                "val": "Расход грунта на однослойное покрытие 40-100 г/м<sup>2</sup> в зависимости от цвета и типа поверхности"
            }
            , {
                "key": "НАНЕСЕНИЕ",
                "val": "Кисточка, валик"
            }
            , {
                "key": "СОСТАВ",
                "val": "Акриловая дисперсия с добавлением вспомогательных веществ"
            }
            , {
                "key": "ГАРАНТИЙНЫЙ СРОК ХРАНЕНИЯ",
                "val": "24 месяца с даты изготовления"
            }
            , {
                "key": "ФАСОВКА",
                "val": "1,0 л <br/> 5,0 л <br/> 10,0 л"
            }
            , {
                "key": "УПАКОВКА",
                "val": "1,0 л по 15 ед. <br/> 5,0 л и 10,0 л - поштучно"
            }]
    },
    "colors": [
        "#ffffff"
    ]
}
