{
    "title": {
        "title": "Грунт фунгицидный для фасадов и интерьеров С-11"
    },
    "poster": {
        "img": "images/product/tara/original/grunt-wd-c11.png"
    },
    "article": {
        "head": "Грунт фунгицидный для фасадов и интерьеров С-11"
        ,
        "annotation": "Грунт фунгицидный для фасадов и интерьеров С-11 обладает улучшенной формулой, которая позволяет надолго защищать поверхность от высолов, грибков и плесени, создавая долговечную основу высококачественного покрытия"
        ,
        "pictographs": [
            {
                "img": "images/opis/Image_361.png",
                "alt": "Защищает <br/> поверхность от <br/> грибков и плесени"
            }
            , {
                "img": "images/opis/Image_362.png",
                "alt": "Отличная <br/> адгезия с основанием"
            }
            , {
                "img": "images/opis/Image_363.png",
                "alt": "Укрепляет <br/> поверхность"
            }
        ]
        ,
        "property": [
            {
                "key": "Версия для печати",
                "val": "<a href='doc/catalog/wd-grunt-C11_ua.pdf' title='Загрузить версию для печати' target='_blank'><img src='images/document_download4print.png' alt=''/></>"
            }
            , {
                "key": "Санитарно-гигиеническое заключение",
                "val": "<a href='doc/ISO/НД/ФАРБА/Висновок СЕС_Фарба.pdf' title='Загрузить санитарно-гигиеническое заключение' target='_blank'><img src='images/documents_download.png' alt=''>"
            }
            , {
                "key": "ПРИМЕНЕНИЕ",
                "val": "Для наружных и внутренних работ"
            }
            , {
                "key": "ТИП ПОВЕРХНОСТИ",
                "val": "Все виды минеральных оснований: бетон, штукатурка, шпаклевка, кирпич, гипсокартон"
            }
            , {
                "key": "СВЯЗУЮЩЕЕ",
                "val": "Акриловая дисперсия"
            }
            , {
                "key": "СВОЙСТВА",
                "val": "Защищает поверхность от грибков и плесени"
            }
            , {
                "key": "НАЗНАЧЕНИЕ",
                "val": "Рекомендуется для нанесения на просохшие минеральные поверхности (бетон, штукатурку, кирпич и т. Д.), А также гипсокартон, предварительно подготовленные ранее окрашенные поверхности"
            }
            , {
                "key": "ПОДГОТОВКА ПОВЕРХНОСТИ",
                "val": "Перед покраской очистить от непрочных покрытий, пыли, масляных, жировых и других загрязнений"
            }
            , {
                "key": "РАСТВОРИТЕЛЬ",
                "val": "Разбавление не рекомендуется"
            }
            , {
                "key": "ВРЕМЯ ВЫСЫХАНИЯ",
                "val": "1:00 при температуре (20 ± 2) ° С"
            }
            , {
                "key": "РАСХОД",
                "val": "Расход грунта на однослойное покрытие 100-200г/м<sup>2</sup> в зависимости от цвета и типа поверхности"
            }
            , {
                "key": "НАНЕСЕНИЕ",
                "val": "Кисточка, валик"
            }
            , {
                "key": "СОСТАВ",
                "val": "Акриловая дисперсия с добавлением вспомогательных веществ"
            }
            , {
                "key": "ГАРАНТИЙНЫЙ СРОК ХРАНЕНИЯ",
                "val": "24 месяца с даты изготовления"
            }
            , {
                "key": "ФАСОВКА",
                "val": "1,0 л <br/> 5,0 л"
            }
            , {
                "key": "УПАКОВКА",
                "val": "1,0 л по 15 ед. <br/> 5,0 л - поштучно"
            }]
    },
    "colors": [
        "#ffffff"
    ]
}
