{
    "title": {
        "title": "ГРУНТОВКА ГФ-021С АНТИКОРОЗІЙНА «ПЕТРИКІВКА»"
    },
    "poster": {
        "img": "images/product/tara/original/grunt-gf-021C-econom.png"
    },
    "article": {
        "head": "ГРУНТОВКА ГФ-021С АНТИКОРОЗІЙНА «ПЕТРИКІВКА»"
        ,
        "annotation": "Гліфталева грунтовка ГФ - 021С є універсальною основою, яку застосовують в поєднанні з будь-яким фінішним покриттям. Не містить важких металів."
        ,
        "pictographs": [
            {
                "img": "images/opis/Image_053.png",
                "alt": "Захист<br/>від корозії"
            }
            , {
                "img": "images/opis/Image_189.png",
                "alt": "Знижує<br/>витрату емалі"
            }
            , {
                "img": "images/opis/Image_256.png",
                "alt": "Вирівнює дрібні<br/>нерівності"
            }
        ]
        ,
        "property": [
            {
                "key": "Версія для друку",
                "val": "<a href='doc/catalog/grunt-GF-021-econom_ua.pdf' title='Завантажити версію для друку' target='_blank'><img src='images/document_download4print.png' alt=''/></>"
            }
            , {
                "key": "Санітарно-гігієнічний висновок",
                "val": "<a href='doc/ISO/НД/ГФ-021/Висновок СЕС ГФ 021С.pdf' title='Завантажити санітарно-гігієнічний висновок' target='_blank'><img src='images/documents_download.png' alt=''/></>"
            },
            {
                "key": "ЗАСТОСУВАННЯ",
                "val": "Для внутрішніх та зовнішніх робіт"
            }
            , {
                "key": "ТИП ПОВЕРХНІ",
                "val": "Метал, дерево, бетон"
            }
            , {
                "key": "ЗВ’ЯЗУЮЧЕ",
                "val": "Алкідний лак"
            }
            , {
                "key": "ВЛАСТИВОСТІ",
                "val": "<ul><li>Забезпечує надійний захист від корозії</li><li>Має відмінну адгезію (зчеплення), як до матеріалу основи, так і до шара, що наноситься поверх грунтовки</li><li>Значно зменшує витрату емалі і продовжує термін служби лакофарбового покриття</li></ul>"
            }
            , {
                "key": "ПРИЗНАЧЕННЯ",
                "val": "Рекомендована для захисного фарбування металевих, дерев’яних поверхонь під покриття різними емалями. Значно зменшує витрату емалі. Допускається застосування грунтовки як самостійне покриття для тимчасового захисту від корозії в період міжопераційного зберігання."
            }
            , {
                "key": "ПІДГОТОВКА ПОВЕРХНІ",
                "val": "Перед проведенням фарбувальних робіт з поверхні видалити старі лакофарбові покриття, які відшарувалися, а також рихлу і відшаровану іржу. Поверхня повинна бути сухою, очищеної від пилу, бруду, жир"
            }
            , {
                "key": "РОЗЧИННИК",
                "val": "Уайт-спірит, сольвент (нефрас С4-155 / 200) або їх суміш 1:1"
            }
            , {
                "key": "ЧАС ВИСИХАННЯ",
                "val": "Час висихання кожного шару 24 години при температурі 20 °С"
            }
            , {
                "key": "ВИТРАТА",
                "val": "Витрата емалі на одношарове покриття 60-120 г/м<sup>2</sup> в залежності від кольору і типу поверхні"
            }
            , {
                "key": "НАНЕСЕННЯ",
                "val": "Пензлик, занурення, струменевий облив, пневматичне і безповітряне розпорошення, розпорошення в електричне поле"
            }
            , {
                "key": "СКЛАД",
                "val": "На основі модифікованої алкідної смоли, пігментів, антикорозійних і функціональних добавок"
            }
            , {
                "key": "ГАРАНТІЙНИЙ ТЕРМІН ЗБЕРІГАННЯ",
                "val": "24 місяці з дати виготовлення"
            }
            , {
                "key": "ФАСУВАННЯ",
                "val": "0,9 кг<br/>2,8 кг<br/>50,0 кг"
            }
            , {
                "key": "УПАКОВКА",
                "val": "0,9 кг по 12 од. <br/>2,8 кг по 6 од."
            }
        ]
    },
    "colors": [
        "#9b9b9b",
        "#a53a2d"
    ]
}
