{
    "title": {
        "title": "Ґрунт глибокого проникнення С-10 концентрат 1:4"
    },
    "poster": {
        "img": "images/product/tara/original/grunt-wd-1-k-4.png"
    },
    "article": {
        "head": "Ґрунт глибокого проникнення С-10 концентрат 1:4"
        ,
        "annotation": "Концентрована грунівка глибокого проникнення С - 10 концентрат 1: 4 зміцнює основу покриття і збільшує адгезію будівельних матеріалів з основами."
        ,
        "pictographs": [
            {
                "img": "images/opis/Image_383.png",
                "alt": "Зміцнює основу<br/>покриття"
            }
            , {
                "img": "images/opis/Image_384.png",
                "alt": "Відмінна адгезія<br/>з основою"
            }
            , {
                "img": "images/opis/Image_385.png",
                "alt": "Економічна у<br/>використанні"
            }
        ]
        ,
        "property": [
            {
                "key": "Версія для друку",
                "val": "<a href='doc/catalog/wd-grunt-C10-koncentrat_ua.pdf' title='Завантажити версію для друку' target='_blank'><img src='images/document_download4print.png' alt=''/></>"
            }
            , {
                "key": "Санітарно-гігієнічний висновок",
                "val": "<a href='doc/ISO/НД/ФАРБА/Висновок СЕС_Фарба.pdf' title='Завантажити санітарно-гігієнічний висновок' target='_blank'><img src='images/documents_download.png' alt=''/></>"
            }
            , {
                "key": "ЗАСТОСУВАННЯ",
                "val": "Для зовнішніх та внутрішніх робіт"
            }
            , {
                "key": "ТИП ПОВЕРХНІ",
                "val": "Всі види мінеральних основ: цементні, цементно-вапняні, гіпсокартонні, зашпатльовані поверхні і шпалери під фарбування"
            }
            , {
                "key": "ЗВ’ЯЗУЮЧЕ",
                "val": "Акрилова дисперсія"
            }
            , {
                "key": "ВЛАСТИВОСТІ",
                "val": "<li>Глибоко проникає і зміцнює основу покриття</li><li>Збільшує адгезію будівельних матеріалів з основами</li><li>Знижує витрату фарб, збільшує термін служби комплексного лакофарбового покриття</li>"
            }
            , {
                "key": "ПРИЗНАЧЕННЯ",
                "val": "Рекомендується для поліпшення адгезії і вирівнювання всмоктуючої здатності різних поверхонь (крім металевих) перед проведенням оздоблювальних і фарбувальних робіт, наклеюванням шпалер, кахлю, паркету, підлогових покриттів всередині і зовні приміщень"
            }
            , {
                "key": "ПІДГОТОВКА ПОВЕРХНІ",
                "val": "Перед фарбуванням очистити від неміцних покриттів, пилу, масляних, жирових і інших забруднень"
            }
            , {
                "key": "РОЗЧИННИК",
                "val": "Для поверхонь зі слабкою або середньою вологовбиранням необхідно розбавлення водою в пропорції 1: 1. Для сильно всмоктуючих поверхонь розбавлення не рекомендується"
            }
            , {
                "key": "ЧАС ВИСИХАННЯ",
                "val": "1 година при температурі (20±2)°С"
            }
            , {
                "key": "ВИТРАТА",
                "val": "Витрата грунта на одношарове покриття 100-200г/м 2 в залежності від кольору і типу поверхні"
            }
            , {
                "key": "НАНЕСЕННЯ",
                "val": "Пензлик, валик"
            }
            , {
                "key": "СКЛАД",
                "val": "Акрилова дисперсія з додаванням допоміжних речовин"
            }
            , {
                "key": "ГАРАНТІЙНИЙ ТЕРМІН ЗБЕРІГАННЯ",
                "val": "24 місяці з дати виготовлення"
            }
            , {
                "key": "ФАСУВАННЯ",
                "val": "1,0 л<br/>5,0 л"
            }
            , {
                "key": "УПАКОВКА",
                "val": "1,0 л по 15 од.<br/>5,0 л - поштучно"
            }
        ]
    },
    "colors": [
        "#ffffff"
    ]
}
