{
    "title": {
        "title": "Ґрунт фунгіцидний для фасадів і інтер’єрів С-11"
    },
    "poster": {
        "img": "images/product/tara/original/grunt-wd-c11.png"
    },
    "article": {
        "head": "Ґрунт фунгіцидний для фасадів і інтер’єрів С-11"
        ,
        "annotation": "Ґрунт фунгіцидний для фасадів та інтер’єрів С – 11 володіє покращеною формулою, яка дозволяє надовго захищати поверхню від висолів, грибків і плісняви, створюючи довговічну основу високоякісного покриття"
        ,
        "pictographs": [
            {
                "img": "images/opis/Image_361.png",
                "alt": "Захищає<br/>поверхню від<br/>грибків та плісняви"
            }
            , {
                "img": "images/opis/Image_362.png",
                "alt": "Відмінна<br/>адгезія з основою"
            }
            , {
                "img": "images/opis/Image_363.png",
                "alt": "Зміцнює<br/>поверхню"
            }
        ]
        ,
        "property": [
            {
                "key": "Версія для друку",
                "val": "<a href='doc/catalog/wd-grunt-C11_ua.pdf' title='Завантажити версію для друку' target='_blank'><img src='images/document_download4print.png' alt=''/></>"
            }
            , {
                "key": "Санітарно-гігієнічний висновок",
                "val": "<a href='doc/ISO/НД/ФАРБА/Висновок СЕС_Фарба.pdf' title='Завантажити санітарно-гігієнічний висновок' target='_blank'><img src='images/documents_download.png' alt=''/></>"
            }
            , {
                "key": "ЗАСТОСУВАННЯ",
                "val": "Для зовнішніх та внутрішніх робіт"
            }
            , {
                "key": "ТИП ПОВЕРХНІ",
                "val": "Всі види мінеральних основ: бетон, штукатурка, шпаклівка, цегла, гіпсокартон"
            }
            , {
                "key": "ЗВ’ЯЗУЮЧЕ",
                "val": "Акрилова дисперсія"
            }
            , {
                "key": "ВЛАСТИВОСТІ",
                "val": "Захищає поверхню від грибків і плісняви"
            }
            , {
                "key": "ПРИЗНАЧЕННЯ",
                "val": "Рекомендується для нанесення на просохлі мінеральні поверхні (бетон, штукатурку, цегла і т. д.), а також гіпсокартон, попередньо підготовлені раніше пофарбовані поверхні"
            }
            , {
                "key": "ПІДГОТОВКА ПОВЕРХНІ",
                "val": "Перед фарбуванням очистити від неміцних покриттів, пилу, масляних, жирових і інших забруднень"
            }
            , {
                "key": "РОЗЧИННИК",
                "val": "Розбавлення не рекомендується"
            }
            , {
                "key": "ЧАС ВИСИХАННЯ",
                "val": "1 година при температурі (20±2)°С"
            }
            , {
                "key": "ВИТРАТА",
                "val": "Витрата грунта на одношарове покриття 100-200г/м<sup>2</sup> в залежності від кольору і типу поверхні"
            }
            , {
                "key": "НАНЕСЕННЯ",
                "val": "Пензлик, валик"
            }
            , {
                "key": "СКЛАД",
                "val": "Акрилова дисперсія з додаванням допоміжних речовин"
            }
            , {
                "key": "ГАРАНТІЙНИЙ ТЕРМІН ЗБЕРІГАННЯ",
                "val": "24 місяці з дати виготовлення"
            }
            , {
                "key": "ФАСУВАННЯ",
                "val": "1,0 л<br/>5,0 л"
            }
            , {
                "key": "УПАКОВКА",
                "val": "1,0 л по 15 од.<br/>5,0 л - поштучно"
            }
        ]
    },
    "colors": [
        "#ffffff"
    ]
}
