{
    "title": {
        "title": "Грунтовка глубокого проникновения С-10 ProfiLine"
    },
    "poster": {
        "img": "images/product/tara/original/grunt-wd-Profiline_primer.png"
    },
    "article": {
        "head": "Грунтовка глубокого проникновения С-10 ProfiLine"
        ,
        "annotation": "Готовый к применению, водорастворимый, укрепляет, акриловый грунтовочный состав глубокого проникновения. Надежно укрепляет поверхность, подготавливая ее к окрасочных и других декоративных работ."
        ,
        "pictographs": [
            {
                "img": "images/opis/Image_476.png",
                "alt": "Проникает <br/> в поверхность <br/> до 5 мм"
            }
            , {
                "img": "images/opis/Image_477.png",
                "alt": "Эффективное <br/> укрепления <br/> с основой"
            }
            , {
                "img": "images/opis/Image_478.png",
                "alt": "Снижает <br/> расход краски <br/> до 30%"
            }
        ]
        ,
        "property": [
            {
                "key": "Версия для печати",
                "val": "<a href='doc/catalog/wd-grunt-C10-ProfiLine_ua.pdf' title='Загрузить версию для печати' target='_blank'><img src='images/document_download4print.png' alt=''/></>"
            }
            , {
                "key": "Санитарно-гигиеническое заключение",
                "val": "<a href='doc/ISO/НД/ФАРБА/Висновок СЕС_Фарба.pdf' title='Загрузить санитарно-гигиеническое заключение' target='_blank'><img src='images/documents_download.png' alt=''>"
            }
            , {
                "key": "ПРИМЕНЕНИЕ",
                "val": "Для внутренних и наружных работ"
            }
            , {
                "key": "ТИП ПОВЕРХНОСТИ",
                "val": "Все виды минеральных оснований: цементные, цементно-известковые, гипсокартонные, зашпаклеванные поверхности и обои под покраску"
            }
            , {
                "key": "СВЯЗУЮЩЕЕ",
                "val": "Акриловая дисперсия"
            }
            , {
                "key": "СВОЙСТВА",
                "val": "<ul><li> Глубоко проникает и укрепляет основание покрытия</li><li>Выравнивание водопоглощение поверхности</li><li>Обеспечивает антисептическое защиту</li><li> увеличивает адгезию строительных материалов с основами</li><li>Снижает расход красок, увеличивает срок службы комплексного лакокрасочного покрытия</li></ul>"
            }
            , {
                "key": "НАЗНАЧЕНИЕ",
                "val": "Рекомендуется для глубокого проникновения и укрепления слабых и рыхлых минеральных поверхностей (кирпич, бетон, цементные, цементно-известковые штукатурки и другие пористые материалы)"
            }
            , {
                "key": "ПОДГОТОВКА ПОВЕРХНОСТИ",
                "val": "Перед покраской основа должна быть очищенной от масляных, битумных и других загрязнений, меловых, известковых побелок и других веществ. Существующие высолы, непрочные и загрязненные места зачистить металлической щеткой (шпателем ) машинным способом и обеспылить, не допуская влажной обработки поверхности "
            }
            , {
                "key": "РАСХОД",
                "val": "Расход грунта на однослойное покрытие 80 - 200 г/м<sup>2</sup> в зависимости от типа поверхности и способа нанесения"
            }
            , {
                "key": "НАНЕСЕНИЕ",
                "val": "Кисточка, валик"
            }
            , {
                "key": "СОСТАВ",
                "val": "Акриловая дисперсия с добавлением вспомогательных веществ"
            }
            , {
                "key": "ГАРАНТИЙНЫЙ СРОК ХРАНЕНИЯ",
                "val": "24 месяца с даты изготовления"
            }
            , {
                "key": "ФАСОВКА",
                "val": "5,0 л <br/> 10,0 л"
            }
            , {
                "key": "УПАКОВКА",
                "val": "Поштучно"
            }]
    },
    "colors": [
        "#ffffff"
    ]
}
