{
    "title": {
        "title": "ГРУНТОВКА ГФ-021С АНТИКОРРОЗИОННАЯ «ПЕТРИКОВКА»"
    },
    "poster": {
        "img": "images/product/tara/original/grunt-gf-021C-econom.png"
    },
    "article": {
        "head": "ГРУНТОВКА ГФ-021С АНТИКОРРОЗИОННАЯ «ПЕТРИКОВКА»",
        "annotation": "Глифталевая грунтовка ГФ - 021С является универсальной основой, которую применяют в сочетании с любым финишным покрытием. Не содержит тяжелых металлов.",
        "pictographs": [
            {
                "img": "images/opis/Image_053.png",
                "alt": "Защита<br/>от коррозии"
            }
            , {
                "img": "images/opis/Image_189.png",
                "alt": "Снижает<br/>расход эмали"
            }
            , {
                "img": "images/opis/Image_256.png",
                "alt": "Выравнивает мелкие<br/>неровности"
            }
        ]
        ,
        "property": [
            {
                "key": "Версия для печати",
                "val": "<a href='doc/catalog/grunt-GF-021-econom_ua.pdf' title='Загрузить версию для печати' target='_blank'><img src='images/document_download4print.png' alt=''/></>"
            }
            , {
                "key": "Санитарно-гигиеническое заключение",
                "val": "<a href='doc/ISO/НД/ГФ-021/Висновок СЕС ГФ 021С.pdf' title='Загрузить санитарно-гигиеническое заключение' target='_blank'><img src='images/documents_download.png' alt=''/></>"
            },
            {
                "key": "ПРИМЕНЕНИЕ",
                "val": "Для внутренних и наружных работ"
            }
            , {
                "key": "ТИП ПОВЕРХНОСТИ",
                "val": "Металл, дерево, бетон"
            }
            , {
                "key": "СВЯЗУЮЩЕЕ",
                "val": "Алкидный лак"
            }
            , {
                "key": "СВОЙСТВА",
                "val": "<ul><li>Обеспечивает надежную защиту от коррозии</li><li>Имеет отличную адгезию (сцепление), как к материалу основания, так и к шара, что наносится поверх грунтовки</li><li>Значительно уменьшает расход эмали и продлевает срок службы лакокрасочного покрытия</li></ul>"
            }
            , {
                "key": "НАЗНАЧЕНИЕ",
                "val": "Рекомендуется для защитной окраски металлических, деревянных поверхностей под покрытия различными эмалями. Значительно уменьшает расход эмали. Допускается применение грунтовки в качестве самостоятельного покрытия для временной защиты от коррозии в период межоперационного хранения."
            }
            , {
                "key": "ПОДГОТОВКА ПОВЕРХНОСТИ",
                "val": "Перед проведением покрасочных работ с поверхности удалить старые лакокрасочные покрытия, которые отслоились, а также рыхлую и отслоившейся ржавчину. Поверхность должна быть сухой, очищенной от пыли, грязи, жир"
            }
            , {
                "key": "РАСТВОРИТЕЛЬ",
                "val": "Уайт-спирит, сольвент (нефрас С4-155 / 200) или их смесь 1: 1"
            }
            , {
                "key": "ВРЕМЯ ВЫСЫХАНИЯ",
                "val": "Время высыхания каждого слоя 24 часа при температуре 20°С"
            }
            , {
                "key": "РАСХОД",
                "val": "Расход эмали на однослойное покрытие 60-120г/м<sup>2</sup> в зависимости от цвета и типа поверхности"
            }
            , {
                "key": "НАНЕСЕНИЕ",
                "val": "Кисточка, погружение, струйный облил, пневматическое и безвоздушное распыление, распыление в электрическое поле"
            }
            , {
                "key": "СОСТАВ",
                "val": "На основе модифицированной алкидной смолы, пигментов, антикоррозионных и функциональных добавок"
            }
            , {
                "key": "ГАРАНТИЙНЫЙ СРОК ХРАНЕНИЯ",
                "val": "24 месяца с даты изготовления"
            }
            , {
                "key": "ФАСОВКА",
                "val": "0,9 кг<br/>2,8 кг<br/>50,0 кг"
            }
            , {
                "key": "УПАКОВКА",
                "val": "0,9 кг по 12 ед. <br/>2,8 кг по 6 ед."
            }
        ]
    },
    "colors": [
        "#9b9b9b",
        "#a53a2d"
    ]
}
