{
    "title": {
        "title": "Ґрунт глибокого проникнення С-10"
    },
    "poster": {
        "img": "images/product/tara/original/grunt-wd-c10-5l.png"
    },
    "article": {
        "head": "Ґрунт глибокого проникнення С-10"
        ,
        "annotation": "Ґрунт глибокого проникнення С-10"
        ,
        "pictographs": [
            {
                "img": "images/opis/Image_338.png",
                "alt": "Захищає від появи<br/>грибків"
            }
            , {
                "img": "images/opis/Image_339.png",
                "alt": "Знижує витрату<br/>оздоблювальних<br/>матеріалів"
            }
            , {
                "img": "images/opis/Image_340.png",
                "alt": "Високий ступінь<br/>паропроникності"
            }
        ]
        ,
        "property": [
            {
                "key": "Версія для друку",
                "val": "<a href='doc/catalog/wd-grunt-C10_ua.pdf' title='Завантажити версію для друку' target='_blank'><img src='images/document_download4print.png' alt=''/></>"
            }
            , {
                "key": "Санітарно-гігієнічний висновок",
                "val": "<a href='doc/ISO/НД/ФАРБА/Висновок СЕС_Фарба.pdf' title='Завантажити санітарно-гігієнічний висновок' target='_blank'><img src='images/documents_download.png' alt=''/></>"
            }
            , {
                "key": "ЗАСТОСУВАННЯ",
                "val": "Для зовнішніх та внутрішніх робіт"
            }
            , {
                "key": "ТИП ПОВЕРХНІ",
                "val": "Всі види мінеральних основ: цементні, цементно-вапняні, гіпсокартонні, зашпатльовані поверхні і шпалери під фарбування"
            }
            , {
                "key": "ЗВ’ЯЗУЮЧЕ",
                "val": "Акрилова дисперсія"
            }
            , {
                "key": "ВЛАСТИВОСТІ",
                "val": "<ul><li>Зчіплює оздоблювальний матеріал і поверхню</li><li>Знижує витрату фінішного покриття</li><li>Високий ступінь водостійкості і паропроникності</li></ul>"
            }
            , {
                "key": "ПРИЗНАЧЕННЯ",
                "val": "Рекомендується для пористих поверхонь бетону, штукатурки, цегляної кладки"
            }
            , {
                "key": "ПІДГОТОВКА ПОВЕРХНІ",
                "val": "Перед фарбуванням очистити робочу поверхню від неміцних покриттів, пилу, крейдових і вапняних побілок, масляних, жирових та інших забруднень. Неміцні і забруднені місця зачистити машинним способом, шпателем або металевою щіткою і знепилити (шпателем), машинним способом, не допускаючи вологої обробки поверхні"
            }
            , {
                "key": "РОЗЧИННИК",
                "val": "Розбавлення не рекомендується"
            }
            , {
                "key": "ЧАС ВИСИХАННЯ",
                "val": "1 година при температурі (20±2)°С"
            }
            , {
                "key": "ВИТРАТА",
                "val": "Витрата грунта на одношарове покриття 40-100г/м 2 в залежності від кольору і типу поверхні"
            }
            , {
                "key": "НАНЕСЕННЯ",
                "val": "Пензлик, валик"
            }
            , {
                "key": "СКЛАД",
                "val": "Акрилова дисперсія з додаванням допоміжних речовин"
            }
            , {
                "key": "ГАРАНТІЙНИЙ ТЕРМІН ЗБЕРІГАННЯ",
                "val": "24 місяці з дати виготовлення"
            }
            , {
                "key": "ФАСУВАННЯ",
                "val": "1,0 л<br/>5,0 л<br/>10,0 л"
            }
            , {
                "key": "УПАКОВКА",
                "val": "1,0 л по 15 од.<br/>5,0л і 10,0 л - поштучно"
            }
        ]
    },
    "colors": [
        "#ffffff"
    ]
}
