{
    "title": {
        "title": "ЛАК ПФ-170"
    },
    "poster": {
        "img": "images/product/tara/original/lak-PF-170.png"
    },
    "article": {
        "head": "ЛАК ПФ-170",
        "annotation": "Атмосферостойкий алкидный лак ПФ - 170 для лакирования различных изделий из древесины, ДСП, ДВП, OSB, MDF, фанеры, металла и керамики",
        "pictographs": [
            {
                "img": "images/opis/Image_269.png",
                "alt": "Атмосферостойкий"
            }
            , {
                "img": "images/opis/Image_270.png",
                "alt": "Высокопрочный"
            }
            , {
                "img": "images/opis/Image_272.png",
                "alt": "Изготовлено по ГОСТ"
            }
        ]
        ,
        "property": [
            {
                "key": "Версия для печати",
                "val": "<a href='doc/catalog/lak-PF-170_ua.pdf' title='Загрузить версию для печати' target='_blank'><img src='images/document_download4print.png' alt=''/></>"
            }
            , {
                "key": "Санитарно-гигиеническое заключение",
                "val": "<a href='doc/ISO/НД/ЛАК ПФ-170/Висновок СЕС_Лак ПФ-170.pdf' title='Загрузить санитарно-гигиеническое заключение' target='_blank'><img src='images/documents_download.png' alt=''>"
            }
            , {
                "key": "ПРИМЕНЕНИЕ",
                "val": "Для наружных и внутренних работ"
            }
            , {
                "key": "ТИП ПОВЕРХНОСТИ",
                "val": "Для металла, дерева"
            }
            , {
                "key": "СВЯЗУЮЩЕЕ",
                "val": "Алкидный лак"
            }
            , {
                "key": "СВОЙСТВА",
                "val": "<ul><Li>Подчеркивает естественную текстуру древесины</li><li>Устойчив к воздействию воды, индустриальных масел и моющих средств</li><li>Отличный блеск</li><li>Экономический</li><li>Долгосрочный защиту древесины</li></ul>"
            }
            , {
                "key": "НАЗНАЧЕНИЕ",
                "val": "Применяется для декоративно-защитного покрытия деревянных поверхностей, предварительно загрунтованных алюминия и его сплавов, других металлов внутри и снаружи помещений. Также применяется в качестве добавки в глифталевые и пентафталевые эмали для повышения блеска."
            }
            , {
                "key": "РАСТВОРИТЕЛЬ",
                "val": "Уайт-спирит"
            }
            , {
                "key": "ВРЕМЯ ВЫСЫХАНИЯ",
                "val": "24 часа при температуре (20±2) °С"
            }
            , {
                "key": "РАСХОД",
                "val": "Расход на однослойное покрытие 130г/м<sup>2</sup> в зависимости от цвета и типа поверхности"
            }
            , {
                "key": "НАНЕСЕНИЕ",
                "val": "Кисточка, валик, пульверизатор"
            }
            , {
                "key": "СОСТАВ",
                "val": "Раствор в органических растворителях пентафталевой смолы, модифицированной растительным маслом с добавкой сиккатива"
            }
            , {
                "key": "ГАРАНТИЙНЫЙ СРОК ХРАНЕНИЯ",
                "val": "24 месяца с даты изготовления"
            }
            , {
                "key": "ФАСОВКА",
                "val": "0,8кг<br/>2,3кг"
            }
            , {
                "key": "УПАКОВКА",
                "val": "0,8 кг по 12 од.<br/>2,3 кг по 6 од."
            }
        ]
    },
    "colors": []
}
