{
    "title": {
        "title": "ЛАК ПФ-170"
    },
    "poster": {
        "img": "images/product/tara/original/lak-PF-170.png"
    },
    "article": {
        "head": "ЛАК ПФ-170",
        "annotation": "Атмосферостійкий алкідний лак ПФ - 170 для лакування різних виробів з деревини, ДСП, ДВП, OSB, MDF, фанери, металу і кераміки",
        "pictographs": [
            {
                "img": "images/opis/Image_269.png",
                "alt": "Атмосферостійкий"
            }
            , {
                "img": "images/opis/Image_270.png",
                "alt": "Високоміцний"
            }
            , {
                "img": "images/opis/Image_272.png",
                "alt": "Зроблено по ГОСТ"
            }
        ]
        ,
        "property": [
            {
                "key": "Версія для друку",
                "val": "<a href='doc/catalog/lak-PF-170_ua.pdf' title='Завантажити версію для друку' target='_blank'><img src='images/document_download4print.png' alt=''/></>"
            }
            , {
                "key": "Санітарно-гігієнічний висновок",
                "val": "<a href='doc/ISO/НД/ЛАК ПФ-170/Висновок СЕС_Лак ПФ-170.pdf' title='Завантажити санітарно-гігієнічний висновок' target='_blank'><img src='images/documents_download.png' alt=''/></>"
            }
            ,{
                "key": "ЗАСТОСУВАННЯ",
                "val": "Для зовнішніх та внутрішніх робіт"
            }
            , {
                "key": "ТИП ПОВЕРХНІ",
                "val": "Для металу, дерева"
            }
            , {
                "key": "ЗВ’ЯЗУЮЧЕ",
                "val": "Алкідний лак"
            }
            , {
                "key": "ВЛАСТИВОСТІ",
                "val": "<ul><li>Підкреслює природну текстуру деревини</li><li>Стійкий до дії води, індустріальних масел і миючих коштів</li><li>Відмінний блиск</li><li>Економічний</li><li>Довгостроковий захист деревини</li></ul>"
            }
            , {
                "key": "ПРИЗНАЧЕННЯ",
                "val": "Застосовується для декоративно-захисного покриття дерев’яних поверхонь, попередньо загрунтованого алюмінію і його сплавів, інших металів всередині і зовні приміщень. Також застосовується в якості добавки в гліфталеві та пентафталеві емалі для підвищення блиску."
            }
            , {
                "key": "РОЗЧИННИК",
                "val": "Уайт-спірит"
            }
            , {
                "key": "ЧАС ВИСИХАННЯ ОДНОГО ШАРУ",
                "val": "24 години при температурі (20±2) °С"
            }
            , {
                "key": "ВИТРАТА",
                "val": "Витрата на одношарове покриття 130г/м<sup>2</sup> в залежності від кольору і типу поверхні                "
            }
            , {
                "key": "НАНЕСЕННЯ",
                "val": "Пензлик, валик, пульверизатор"
            }
            , {
                "key": "СКЛАД",
                "val": "Розчин в органічних розчинниках пентафталевой смоли, модифікованої рослинним маслом з добавкою сикативу"
            }
            , {
                "key": "ГАРАНТІЙНИЙ ТЕРМІН ЗБЕРІГАННЯ",
                "val": "24 месяці з дати виготовлення"
            }
            , {
                "key": "ФАСУВАННЯ",
                "val": "0,8кг<br/>2,3кг"
            }
            , {
                "key": "УПАКОВКА",
                "val": "0,8 кг по 12 од.<br/>2,3 кг по 6 од."
            }
        ]
    },
    "colors": []
}
