{
    "title": {
        "title": "Краски для деревянных поверхностей"
    },
    "poster": {
        "img": ""
    },
    "article": {
        "title": "Краски для деревянных поверхностей",
        "head": "Дерево",
        "text": ["Для деревянных поверхностей рекомендуем использовать высококачественные материалы:"
                ,"грунтовки ГФ-021 (различных торговых марок),"
                ,"краски масляные МА-15 (разных цветов),"
                ,"алкидные эмали ПФ-115 и ПФ-115С (разных цветов),"
                ,"алкидные эмали ПФ-266с для пола (разных цветов),"
            ]
    },
    "product": [
        {
            "section": [
                {
                    "img": "images/product/tara/640x480/emal-Antikor-Premium-10k.png",
                    "head": "Эмаль антикоррозионная 3 в 1 Премиум",
                    "desc": "",
                    "href": "template_scroll_color_2.html?name=emal-antikor-premium"
                },
                {
                    "img": "images/product/tara/640x480/emal-PF-115-Lux-10k.png",
                    "head": "ПФ-115C Люкс",
                    "desc": "",
                    "href": "template_scroll_color_2.html?name=emal-pf-115s-lux"
                }
            ]
        },
        {
            "section": [
                {
                    "img": "images/product/tara/640x480/emal-Standart-Petrikivka-10.png",
                    "head": "ПФ-115C Стандарт",
                    "desc": "",
                    "href": "template_scroll_color_2.html?name=emal-pf-115s-standart"
                },
                {
                    "img": "images/product/tara/640x480/emal-Petrikivka-10.png",
                    "head": "ПФ-115C",
                    "desc": "",
                    "href": "template_scroll_color_2.html?name=emal-pf-115s"
                },
                {
                    "img": "images/product/tara/640x480/emal-Standart-Pol-10.png",
                    "head": "ПФ-266С Стандарт",
                    "desc": "",
                    "href": "template_scroll_color_2.html?name=emal-pf-266s"
                }
            ]
        },
        {
            "section": [
                {
                    "img": "images/product/tara/640x480/ma-15-9.png",
                    "head": "МА-15",
                    "desc": "",
                    "href": "template_scroll_color_2.html?name=farba-olijna-ma-15"
                },
                {
                    "img": "images/product/tara/640x480/ma-15-Surik-9.png",
                    "head": "МА-15<br/>сурик железный",
                    "desc": "",
                    "href": "template_scroll_color_2.html?name=farba-olijna-ma-15-surik-zaliznij"
                },
                {
                    "img": "images/product/tara/640x480/ma-15-Dlya-Dahu-9.png",
                    "head": "МА-15<br/>для крыш",
                    "desc": "",
                    "href": "template_scroll_color_2.html?name=farba-ma-15-dlya-dahu"
                }
            ]
        },
        {
            "section": [
                {
                    "img": "images/product/tara/640x480/grunt-gf-premium.png",
                    "head": "Антикоррозийная быстросохнущая грунтовка",
                    "desc": "",
                    "href": "template_scroll_color_2.html?name=grunt-gf-premium"
                },
                {
                    "img": "images/product/tara/640x480/grunt-gf-021C.png",
                    "head": "Грунтовка ГФ-021С стандарт ",
                    "desc": "",
                    "href": "template_scroll_color_2.html?name=grunt-gf-021C"
                },
                {
                    "img": "images/product/tara/640x480/grunt-gf-021C-econom.png",
                    "head": "Грунтовка ГФ-021",
                    "desc": "",
                    "href": "template_scroll_color_2.html?name=grunt-gf-021C-econom"
                }
            ]
        },
        {
            "section": [
                {
                    "img": "images/product/tara/640x480/lak-PF-170.png",
                    "head": "Атмосферостойкий алкидный лак ПФ-170",
                    "desc": "",
                    "href": "template_scroll_color_2.html?name=lak-pf-170"
                },
                {
                    "img": "images/product/tara/640x480/rozchinnik-for-emal.png",
                    "head": "Растворитель для эмалей",
                    "desc": "",
                    "href": "template_scroll_color_2.html?name=rozchinnik-for-emal"
                }
            ]
        },
        {
            "section": [
                {
                    "img": "images/product/tara/640x480/wd-С22-LuxLine.png",
                    "head": "С-22 LuxLine",
                    "desc": "",
                    "href": "template_scroll_color_2.html?name=farba-vd-luxline-c-22"
                },
                {
                    "img": "images/product/tara/640x480/wd-С20-ProfiLine.png",
                    "head": "С-20 ProfiLine",
                    "desc": "",
                    "href": "template_scroll_color_2.html?name=farba-vd-profiline-c-20"
                },
                {
                    "img": "images/product/tara/640x480/wd-С21-ProfiLine.png",
                    "head": "С-21 ProfiLine",
                    "desc": "",
                    "href": "template_scroll_color_2.html?name=farba-vd-profiline-c-21"
                }
            ]
        },
        {
            "section": [
                {
                    "img": "images/product/tara/640x480/wd-С24-Luxline.png",
                    "head": "С-24 Luxline",
                    "desc": "",
                    "href": "template_scroll_color_2.html?name=farba-vd-luxline-c-24"
                },
                {
                    "img": "images/product/tara/640x480/wd-С23-Profiline.png",
                    "head": "С-23 ProfiLine",
                    "desc": "",
                    "href": "template_scroll_color_2.html?name=farba-vd-profiline-c-23"
                },
                {
                    "img": "images/product/tara/640x480/grunt-wd-kvarc.png",
                    "head": "Грунтовка адгезионная кварцевая",
                    "desc": "Грунтовка адгезионная кварцевая",
                    "href": "template_scroll_color_2.html?name=grunt-vd-kvarc"
                }
            ]
        },
        {
            "section": [
                {
                    "img": "images/product/tara/640x480/wd-Derevo.png",
                    "head": "Бактерицидная краска для защиты деревьев и кустов",
                    "desc": "",
                    "href": "template_scroll_color_2.html?name=wd-Deferevo"
                },
                {
                    "img": "images/product/tara/640x480/grunt-wd-c11.png",
                    "head": "Грунт фунгицидный <br> для фасадов и интерьеров С-11",
                    "desc": "",
                    "href": "template_scroll_color_2.html?name=grunt-vd-fungicidnij-s-11"
                },
                {
                    "img": "images/product/tara/640x480/grunt-wd-c10-5l.png",
                    "head": "Грунтовка глубокого проникновения С-10",
                    "desc": "",
                    "href": "template_scroll_color_2.html?name=grunt-vd-universalnyj-s-10"
                }
            ]
        },
        {
            "section": [
                {
                    "img": "images/product/tara/640x480/grunt-wd-Profiline_primer.png",
                    "head": "Грунтовка глубокого проникновения <br/> С-10 ProfiLine",
                    "desc": "",
                    "href": "template_scroll_color_2.html?name=grunt-vd-profiline-s-10"
                },
                {
                    "img": "images/product/tara/640x480/grunt-wd-1-k-4.png",
                    "head": "Грунтовка глубокого проникновения <br/> С-10 концентрат 1: 4",
                    "desc": "",
                    "href": "template_scroll_color_2.html?name=grunt-vd-concentrat-s-10"
                }
            ]
        }
    ]
}
