{
    "title": {
        "title": "Водна продукція"
    },
    "poster": {
        "img": ""
    },
    "article": {
        "title": "Водна продукція",
        "head": "",
        "text": [
            "Водно-дисперсійні фарби застосовуються для фарбування бетонних плит, оштукатурених и шпакльованих поверхонь в усіх типах будівель, стель і стін в приміщеннях всіх типів. Створюють довговічне, міцне, паропроникаюче покриття з високими адгезійними властивостями. Не містять органічних розчинників. Без неприємного запаху. Не виділяють шкідливих речовин. Стійкі до стирання. Витримують вологе прибирання. Містять компоненти, що запобігають появі цвілі і грибка.",
            "Грунти ВД зміцнюють структуру поверхні. Знижують витрату лакофарбових матеріалів. Швидко висихають, після висихання не виділяють шкідливих речовин.",
            "Володіють широким спектром дії проти бактерій, грибів, водоростей і дріжджів."
        ]
    },
    "product": [
        {
            "section": [
                {
                    "img": "images/product/tara/640x480/wd-С22-LuxLine.png",
                    "head": "С-22 LuxLine",
                    "desc": "Фарба інтер'єрна",
                    "href": "template_scroll_color_2.html?name=farba-vd-luxline-c-22"
                },
                {
                    "img": "images/product/tara/640x480/wd-С20-ProfiLine.png",
                    "head": "С-20 ProfiLine",
                    "desc": "Фарба інтер’єрна",
                    "href": "template_scroll_color_2.html?name=farba-vd-profiline-c-20"
                },
                {
                    "img": "images/product/tara/640x480/wd-С21-ProfiLine.png",
                    "head": "С-21 ProfiLine",
                    "desc": "Фарба інтер'єрна",
                    "href": "template_scroll_color_2.html?name=farba-vd-profiline-c-21"
                }
            ]
        },
        {
            "section": [
                {
                    "img": "images/product/tara/640x480/wd-С24-Luxline.png",
                    "head": "С-24 Luxline",
                    "desc": "Фарба фасадна",
                    "href": "template_scroll_color_2.html?name=farba-vd-luxline-c-24"
                },
                {
                    "img": "images/product/tara/640x480/wd-С23-Profiline.png",
                    "head": "С-23 ProfiLine",
                    "desc": "Фарба фасадна",
                    "href": "template_scroll_color_2.html?name=farba-vd-profiline-c-23"
                },
                {
                    "img": "images/product/tara/640x480/grunt-wd-kvarc.png",
                    "head": "Грунтовка адгезійна кварцова",
                    "desc": "Грунтовка адгезійна кварцова",
                    "href": "template_scroll_color_2.html?name=grunt-vd-kvarc"
                }
            ]
        },
        {
            "section": [
                {
                    "img": "images/product/tara/640x480/wd-Derevo.png",
                    "head": "Бактерицидна фарба для захисту дерев та кущів",
                    "desc": "",
                    "href": "template_scroll_color_2.html?name=farba-vd-derevo-bactericid"
                },
                {
                    "img": "images/product/tara/640x480/grunt-wd-c11.png",
                    "head": "Ґрунт фунгіцидний<br>для фасадів і інтер’єрів С-11",
                    "desc": "Ґрунт фунгіцидний",
                    "href": "template_scroll_color_2.html?name=grunt-vd-fungicidnij-s-11"
                },
                {
                    "img": "images/product/tara/640x480/grunt-wd-c10-5l.png",
                    "head": "Ґрунтовка глибокого проникнення С-10",
                    "desc": "Ґрунтовка глибокого проникнення",
                    "href": "template_scroll_color_2.html?name=grunt-vd-universalnyj-s-10"
                }
            ]
        },
        {
            "section": [
                {
                    "img": "images/product/tara/640x480/grunt-wd-Profiline_primer.png",
                    "head": "Ґрунтовка глибокого проникнення<br/>С-10 ProfiLine",
                    "desc": "Ґрунтовка глибокого проникнення",
                    "href": "template_scroll_color_2.html?name=grunt-vd-profiline-s-10"
                },
                {
                    "img": "images/product/tara/640x480/grunt-wd-1-k-4.png",
                    "head": "Ґрунтовка глибокого проникнення<br/>С-10 концентрат 1:4",
                    "desc": "Ґрунтовка глибокого проникнення",
                    "href": "template_scroll_color_2.html?name=grunt-vd-concentrat-s-10"
                }
            ]
        }
    ]
}
