{
    "title": {
        "title": "Загальна продукція"
    },
    "poster": {
        "img": ""
    },
    "article": {
        "title": "Загальна продукція",
        "head": "",
        "text": [
            "Високоякісна продукція різноманітного призначення, що задовольнить будь які потреби."
        ]
    },
    "product": [
        {
            "section": [
                {
                    "img": "images/product/tara/640x480/skloomivach-leto.png",
                    "head": "Склоомивач літній",
                    "desc": "",
                    "href": "template_scroll_color_2.html?name=skloomivach-leto"
                }
            ]
        }
    ]
}
