{
    "title": {
        "title": "РАСТВОРИТЕЛЬ ДЛЯ ЭМАЛЕЙ"
    },
    "poster": {
        "img": "images/product/tara/original/rozchinnik-for-emal.png"
    },
    "article": {
        "head": "РАСТВОРИТЕЛЬ ДЛЯ ЭМАЛЕЙ",
        "annotation": "Универсальный растворитель для эмалей с высокой растворимой способностью быстро удаляет старое лакокрасочное покрытие. Хорошо подходит для обезжиривания поверхности перед склеиванием и окраской, а также для получения эмали необходимой консистенции",
        "pictographs": [
            {
                "img": "images/opis/Image_080.png",
                "alt": "Высокая<br/>растворимая способность"
            }
            , {
                "img": "images/opis/Image_081.png",
                "alt": "Широкая сфера<br/>применения"
            }
            , {
                "img": "images/opis/Image_079.png",
                "alt": "Не знижает блеск<br/>покрытия"
            }
        ]
        ,
        "property": [
            {
                "key": "Версия для печати",
                "val": "<a href='doc/catalog/rastvoritel_ua.pdf' title='Загрузить версию для печати' target='_blank'><img src='images/document_download4print.png' alt=''/></>"
            }
            , {
                "key": "Заключение фасовки",
                "val": "<a href='doc/ISO/НД/Висновок фасовка.pdf' title='Загрузить заключение фасовки' target='_blank'><img src='images/documents_download.png' alt=''/></>"
            }
            , {
                "key": "ПРИМЕНЕНИЕ",
                "val": "Для внутренних и наружных работ"
            }
            , {
                "key": "ТИП ПОВЕРХНОСТИ",
                "val": "Металл, дерево, бетон"
            }
            , {
                "key": "СВОЙСТВА",
                "val": "<ul><li>Позволяет получить лакокрасочный состав нужной вязкости</li><li>Испаряющаяся с лакокрасочного материала при обычных температурах</li><li>Нейтральный по отношению к лакокрасочным материалам (не вступает с ними в реакцию)</li></ul>"
            }

            , {
                "key": "НАЗНАЧЕНИЕ",
                "val": "Применяется как растворитель для алкидных эмалей, лаков и масляных красок, а также для обезжиривания металлических и других поверхностей."
            }
            , {
                "key": "ПОДГОТОВКА ПОВЕРХНОСТИ",
                "val": "Добавлять небольшими порциями в лакокрасочный материал до достижения необходимой вязкости."
            }
            , {
                "key": "СОСТАВ",
                "val": "Органические растворители"
            }
            , {
                "key": "ГАРАНТИЙНЫЙ СРОК ХРАНЕНИЯ",
                "val": "12 месяцев с даты изготовления"
            }
            , {
                "key": "ФАСОВКА",
                "val": "0,5 л<br/>1,0 л<br/>5,0 л"
            }
        ]
    },
    "colors": []
}
