{
    "title": {
        "title": "РОЗЧИННИК ДЛЯ ЕМАЛЕЙ"
    },
    "poster": {
        "img": "images/product/tara/original/rozchinnik-for-emal.png"
    },
    "article": {
        "head": "РОЗЧИННИК ДЛЯ ЕМАЛЕЙ",
        "annotation": "Універсальний розчинник для емалей з високою розчинною здатністю швидко видаляє старе лакофарбове покриття. Добре підходить для знежирення поверхні перед склеюванням і фарбуванням, а також для отримання емалі необхідної консистенції",
        "pictographs": [
            {
                "img": "images/opis/Image_080.png",
                "alt": "Висока<br/>розчинна здатність"
            }
            , {
                "img": "images/opis/Image_081.png",
                "alt": "Широка сфера<br/>застосування"
            }
            , {
                "img": "images/opis/Image_079.png",
                "alt": "Не знижує блиск<br/>покриттів"
            }
        ]
        ,
        "property": [
            {
                "key": "Версія для друку",
                "val": "<a href='doc/catalog/rastvoritel_ua.pdf' title='Завантажити версію для друку' target='_blank'><img src='images/document_download4print.png' alt=''/></>"
            }
            , {
                "key": "Висновок фасування",
                "val": "<a href='doc/ISO/НД/Висновок фасовка.pdf' title='Завантажити висновок фасування' target='_blank'><img src='images/documents_download.png' alt=''/></>"
            }
            , {
                "key": "ЗАСТОСУВАННЯ",
                "val": "Для внутрішніх та зовнішніх робіт"
            }
            , {
                "key": "ТИП ПОВЕРХНІ",
                "val": "Метал, дерево, бетон"
            }
            , {
                "key": "ВЛАСТИВОСТІ",
                "val": "<ul><li>Дозволяє отримати лакофарбовий склад потрібної в’язкості</li><li>Випаровується з лакофарбового матеріалу при звичайних температурах</li><li>Нейтральний по відношенню до лакофарбових матеріалів (не вступає з ними в реакцію)</li></ul>"
            }

            , {
                "key": "ПРИЗНАЧЕННЯ",
                "val": "Застосовується як розчинник для алкідних емалей, лаків і масляних фарб, а також для знежирення металевих та інших поверхонь."
            }
            , {
                "key": "ПІДГОТОВКА ПОВЕРХНІ",
                "val": "Додавати невеликими порціями в лакофарбовий матеріал до досягнення необхідної в’язкості."
            }
            , {
                "key": "СКЛАД",
                "val": "Органічні розчинники"
            }
            , {
                "key": "ГАРАНТІЙНИЙ ТЕРМІН ЗБЕРІГАННЯ",
                "val": "12 місяці з дати виготовлення"
            }
            , {
                "key": "ФАСУВАННЯ",
                "val": "0,5 л<br/>1,0 л<br/>5,0 л"
            }
        ]
    },
    "colors": []
}
