{
    "title": {
        "title": "Склоомивач"
    },
    "poster": {
        "img": "images/product/tara/640x480/skloomivach-leto.png"
    },
    "article": {
        "head": "Склоомивач літній"
        ,
        "annotation": "Дозволяє швидко і ефективно видаляти з будь-якої поверхні (скло, метал, пластик) смоли рослин, залишки комах та інші білкові сполуки біологічного походження, сажові і інші відкладення, що призводять до замутнена лобових стекол автомобілів, забруднення олійними і бітумними емульсіями, що утворюються при взаємодії поверхонь асфальту з водою і різними ПММ"
        ,
        "pictographs": [
            {
                "img": "images/opis/Image_293.png",
                "alt": "Екологічна"
            }
            , {
                "img": "images/opis/Image_189.png",
                "alt": "Оптимальне<br/>співвідношення<br/>ціна/якість"
            }
        ]
        ,
        "property": [
            {
                "key": "Версія для друку",
                "val": "<a href='doc/catalog/stekloomivatel_ua.pdf' title='Завантажити версію для друку' target='_blank'><img src='images/document_download4print.png' alt=''/></>"
            }
            , {
                "key": "Санітарно-гігієнічний висновок",
                "val": "<a href='doc/ISO/НД/ФАРБА/Висновок СЕС_Фарба.pdf' title='Завантажити санітарно-гігієнічний висновок' target='_blank'><img src='images/documents_download.png' alt=''/></>"
            }
            , {
                "key": "ЗАСТОСУВАННЯ",
                "val": "Для зовнішніх та внутрішніх робіт"
            }
            , {
                "key": "ТИП ПОВЕРХНІ",
                "val": "Cкло, метал, пластик"
            }
            , {
                "key": "ЗВ’ЯЗУЮЧЕ",
                "val": "Вода"
            }
            , {
                "key": "ОСНОВНІ ХАРАКТЕРИСТИКИ",
                "val": "Матеріал не містить етанол, метанол-, бутил-, гликолевих та інших розчинників і спиртів, які сприяють старінню і руйнуванню лакофарбового покриття автомобіля. До складу матеріалу входить інгібітор корозії, запобігає корозії металевих, хромованих і анодованих поверхонь. Матеріал не містить NaCl, нейтральний, не робить агресивного впливу і не призводить до передчасного старіння і зносу гумових і пластикових елементів і деталей. Використовувані в складі амфотерні і неіонні ПАР надають матеріалу активні антистатичні властивості. Матеріал пожежо- та взвриво- безпечний."
            }
            , {
                "key": "ВЛАСТИВОСТІ",
                "val": "<ul><li>Ефективно миє</li><li>Знежирює</li><li>Видаляє сліди комах, маслянистий дорожний бруд з лобового скла і фар</li><li>Не залишає слідів і відблисків</li><li>Нейтральний до лакофарбового покриття, гумових і пластикових деталям кузова.</li><li>Сприяє очищенню бачка і систем омивача автомобіля</li></ul>"
            }
            , {
                "key": "СКЛАД",
                "val": "Збалансовано підібрані поверхнево активні речовини (ПАР) і допоміжні добавки"
            }
            , {
                "key": "УМОВИ ЗБЕРІГАННЯ",
                "val": "Від 0`С до +35`С."
            }
            , {
                "key": "ГАРАНТІЙНИЙ ТЕРМІН ЗБЕРІГАННЯ",
                "val": "18 месяці з дати виготовлення<br/>При зберіганні уникати дії прямих сонячних променів"
            }
            , {
                "key": "ФАСУВАННЯ",
                "val": "5 л"
            }
        ]
    },
    "colors": []
}
