{
    "title": {
        "title": "Стеклоомыватель"
    },
    "poster": {
        "img": "images/product/tara/640x480/skloomivach-leto.png"
    },
    "article": {
        "head": "Стеклоомыватель летний"
        ,
        "annotation": "Позволяет быстро и эффективно удалять с любой поверхности (стекло, металл, пластик) смолы растений, остатки насекомых и другие белковые соединения биологического происхождения, сажевые и другие отложения, приводящие к замутненная лобовых стекол автомобилей, загрязнение масляными и битумными эмульсиями, образующиеся при взаимодействии поверхностей асфальта с водой и различными ГСМ"
        ,
        "pictographs": [
            {
                "img": "images/opis/Image_293.png",
                "alt": "Экологическая"
            }
            , {
                "img": "images/opis/Image_189.png",
                "alt": "Оптимальное<br/>соотношение<br/>цена/качество"
            }
        ]
        ,
        "property": [
            {
                "key": "Версия для печати",
                "val": "<a href='doc/catalog/stekloomivatel_ua.pdf' title='Загрузить версию для печати' target='_blank'><img src='images/document_download4print.png' alt=''/></>"
            }
            , {
                "key": "Санитарно-гигиеническое заключение",
                "val": "<a href='doc/ISO/НД/ФАРБА/Висновок СЕС_Фарба.pdf' title='Загрузить санитарно-гигиеническое заключение' target='_blank'><img src='images/documents_download.png' alt=''>"
            }
            , {
                "key": "ПРИМЕНЕНИЕ",
                "val": "Для наружных и внутренних работ"
            }
            , {
                "key": "ТИП ПОВЕРХНОСТИ",
                "val": "Стекло, металл, пластик"
            }
            , {
                "key": "СВЯЗУЮЩЕЕ",
                "val": "Вода"
            }
            , {
                "key": "ОСНОВНЫЕ ХАРАКТЕРИСТИКИ",
                "val": "Материал не содержит этанол, метанол-, бутил, гликолевых и других растворителей и спиртов, которые способствуют старению и разрушению лакокрасочного покрытия автомобиля. В состав материала входит ингибитор коррозии, предотвращает коррозию металлических, хромированных и анодированных поверхностей. Материал не содержит NaCl, нейтральный, не оказывает агрессивного воздействия и не приводит к преждевременному старению и износу резиновых и пластиковых элементов и деталей. Используемые в составе амфотерные и неионные ПАВ придают материалу активные антистатические свойства. Материал пожаро- и взвриво- безопасен."
            }
            , {
                "key": "СВОЙСТВА",
                "val": "<ul><li>Эффективно моет</ li> <li> Обезжиривание</li><li>Удаляет следы насекомых, маслянистый дорожный грязь с лобового стекла и фар</li><li>Не оставляет следов и бликов</li><li>Нейтральный к лакокрасочному покрытию, резиновых и пластиковых деталях кузова.</li><li>Способствует очищению бачка и систем омывателя автомобиля</li></ul>"
            }
            , {
                "key": "СОСТАВ",
                "val": "Сбалансировано подобраны поверхностно активные вещества (ПАВ) и вспомогательные добавки"
            }
            , {
                "key": "УСЛОВИЯ ХРАНЕНИЯ",
                "val": "От 0`С до +35`С."
            }
            , {
                "key": "ГАРАНТИЙНЫЙ СРОК ХРАНЕНИЯ",
                "val": "18 месяца с даты изготовления.<br/>При хранении избегать воздействия прямых солнечных лучей"
            }
            , {
                "key": "ФАСОВКА",
                "val": "5 л"
            }
        ]
    },
    "colors": []
}
